-- phpMyAdmin SQL Dump
-- version 4.6.6deb5
-- https://www.phpmyadmin.net/
--
-- Host: localhost
-- Generation Time: Sep 14, 2020 at 03:36 AM
-- Server version: 5.7.31-0ubuntu0.18.04.1
-- PHP Version: 7.2.24-0ubuntu0.18.04.6

SET SQL_MODE = "NO_AUTO_VALUE_ON_ZERO";
SET time_zone = "+00:00";


/*!40101 SET @OLD_CHARACTER_SET_CLIENT=@@CHARACTER_SET_CLIENT */;
/*!40101 SET @OLD_CHARACTER_SET_RESULTS=@@CHARACTER_SET_RESULTS */;
/*!40101 SET @OLD_COLLATION_CONNECTION=@@COLLATION_CONNECTION */;
/*!40101 SET NAMES utf8mb4 */;

--
-- Database: `eform_sidadu`
--

-- --------------------------------------------------------

--
-- Table structure for table `jabatan`
--

CREATE TABLE `jabatan` (
  `kode_jabatan` int(9) NOT NULL DEFAULT '0',
  `nama_jabatan` varchar(100) DEFAULT NULL,
  `eselon` varchar(11) DEFAULT NULL
) ENGINE=InnoDB DEFAULT CHARSET=latin1;

--
-- Dumping data for table `jabatan`
--

INSERT INTO `jabatan` (`kode_jabatan`, `nama_jabatan`, `eselon`) VALUES
(10, 'KEPALA BPPT', 'I.a'),
(11, 'WAKIL KEPALA BPP TEKNOLOGI', 'I.a'),
(20, 'DEPUTI KEPALA BIDANG', 'I.a'),
(21, 'SEKRETARIS UTAMA', 'I.a'),
(30, 'DIREKTUR', 'II.a'),
(31, 'KEPALA BIRO', 'II.a'),
(32, 'KEPALA BALAI BESAR', 'II.a'),
(33, 'KEPALA PUSAT', 'II.a'),
(34, 'INSPEKTUR', 'II.a'),
(35, 'KEPALA BALAI BESAR', 'II.a'),
(36, 'KEPALA UPT', 'II.a'),
(40, 'KEPALA SUB DIREKTORAT', 'III.a'),
(41, 'KEPALA BAGIAN', 'III.a'),
(42, 'KEPALA BALAI', 'III.a'),
(43, 'KEPALA BIDANG', 'III.a'),
(44, 'KEPALA UPT', 'III.a'),
(50, 'KEPALA SEKSI', 'IV.a'),
(51, 'KEPALA SUB BAGIAN', 'IV.a'),
(52, 'KEPALA SUB BALAI', 'IV.a'),
(53, 'KEPALA SUB BIDANG', 'IV.a');

-- --------------------------------------------------------

--
-- Table structure for table `pegawai`
--

CREATE TABLE `pegawai` (
  `id` int(5) NOT NULL,
  `username` varchar(50) NOT NULL,
  `nip` varchar(9) DEFAULT NULL,
  `nip18` varchar(18) DEFAULT NULL,
  `nama_lengkap` varchar(150) DEFAULT NULL,
  `kode_unitkerja` int(11) DEFAULT NULL,
  `unit_kerja` varchar(250) DEFAULT NULL,
  `singkatan_unit` varchar(20) DEFAULT NULL,
  `kodeunit_posisi` int(11) DEFAULT NULL,
  `unit_posisi` varchar(250) DEFAULT NULL,
  `kode_jabatan` int(11) DEFAULT NULL,
  `jabatan` varchar(25) DEFAULT NULL,
  `nip_atas` varchar(9) DEFAULT NULL,
  `jab_atasan` varchar(25) DEFAULT NULL,
  `unit_atasan` varchar(250) DEFAULT NULL,
  `status_aktif` int(1) DEFAULT NULL
) ENGINE=MyISAM DEFAULT CHARSET=latin1;

--
-- Dumping data for table `pegawai`
--

INSERT INTO `pegawai` (`id`, `username`, `nip`, `nip18`, `nama_lengkap`, `kode_unitkerja`, `unit_kerja`, `singkatan_unit`, `kodeunit_posisi`, `unit_posisi`, `kode_jabatan`, `jabatan`, `nip_atas`, `jab_atasan`, `unit_atasan`, `status_aktif`) VALUES
(2656, 'irwan.rawal', '680001821', '196805291986121001', 'Ir. Irwan Rawal Husdi, M.Eng.', 4040000, 'Pusat Manajemen Informasi', 'PMI', 4040000, 'Pusat Manajemen Informasi', 33, 'Kepala Pusat', '680002095', 'Kepala BPPT', 'Badan Pengkajian dan Penerapan Teknologi', 1),
(2657, 'nuril.anwar', '680004209', '196406272007011002', 'Nuril Anwar, S.Sos.', 4040000, 'Pusat Manajemen Informasi', 'PMI', 4040010, 'Sub Bagian Tata Usaha', 51, 'Kepala Sub Bagian', '680001821', 'Kepala Pusat', 'Pusat Manajemen Informasi', 1),
(2659, 'rinyta.devi', '680002784', '196305121990112001', 'Ir. Rinyta Devi Munaf, MM', 4040000, 'Pusat Manajemen Informasi', 'PMI', 4040011, 'Staf Sub Bagian Tata Usaha', NULL, NULL, '680004209', 'Kepala Sub Bagian', 'Sub Bagian Tata Usaha', 1),
(2660, 'ranty.permata', '680004884', '197911102009122001', 'Ranty Permata Maizar, S. Sos', 4040000, 'Pusat Manajemen Informasi', 'PMI', 4040011, 'Staf Sub Bagian Tata Usaha', NULL, NULL, '680004209', 'Kepala Sub Bagian', 'Sub Bagian Tata Usaha', 1),
(2661, 'amir.dahlan', '680003578', '196907091996031006', 'Amir Dahlan, S.T.,M. Kom', 4040000, 'Pusat Manajemen Informasi', 'PMI', 4041000, 'Bidang Infrastruktur Informasi', 43, 'Kepala Bidang', '680001821', 'Kepala Pusat', 'Pusat Manajemen Informasi', 1),
(2662, 'rinaldi.febryatna', '680005707', '199202272019021003', 'Rinaldi Febryatna Duriat Putra, S.Kom.', 4040000, 'Pusat Manajemen Informasi', 'PMI', 4041001, 'Staf Bidang Infrastruktur Informasi', NULL, NULL, '680003578', 'Kepala Bidang', 'Bidang Infrastruktur Informasi', 1),
(2663, 'supriono.agung', '680003859', '197001211998031003', 'Supriono Agung Wibowo, ST', 4040000, 'Pusat Manajemen Informasi', 'PMI', 4041010, 'Sub Bidang Pengembangan Infrastruktur', 53, 'Kepala Sub Bidang', '680003578', 'Kepala Bidang', 'Bidang Infrastruktur Informasi', 1),
(2664, 'taslim.rochmadi', '680001075', '195802131984021001', 'Ir. Taslim Rochmadi, MM', 4040000, 'Pusat Manajemen Informasi', 'PMI', 4041011, 'Staf Sub Bidang Pengembangan Infrastruktur', NULL, NULL, '680003859', 'Kepala Sub Bidang', 'Sub Bidang Pengembangan Infrastruktur', 1),
(2666, 'agung.septiadi', '680004558', '198609192009011001', 'Agung Septiadi, ST, M.Sc', 4040000, 'Pusat Manajemen Informasi', 'PMI', 4041011, 'Staf Sub Bidang Pengembangan Infrastruktur', NULL, NULL, '680003859', 'Kepala Sub Bidang', 'Sub Bidang Pengembangan Infrastruktur', 1),
(2667, 'dini.fronitasari', '680004594', '198601072009012005', 'Dini Fronitasari, ST., M.T.', 4040000, 'Pusat Manajemen Informasi', 'PMI', 4041011, 'Staf Sub Bidang Pengembangan Infrastruktur', NULL, NULL, '680003859', 'Kepala Sub Bidang', 'Sub Bidang Pengembangan Infrastruktur', 1),
(2668, 'malik.purwoko', '680004783', '198012312009101001', 'Malik Purwoko, A. Md., S.Kom', 4040000, 'Pusat Manajemen Informasi', 'PMI', NULL, NULL, NULL, NULL, '680003859', 'Kepala Sub Bidang', 'Sub Bidang Pengembangan Infrastruktur', 1),
(2669, 'haris.padillah', '680005259', '198811232014021002', 'Muhamad Haris Padillah, S.Komp.', 4040000, 'Pusat Manajemen Informasi', 'PMI', 4041011, 'Staf Sub Bidang Pengembangan Infrastruktur', NULL, NULL, '680003859', 'Kepala Sub Bidang', 'Sub Bidang Pengembangan Infrastruktur', 1),
(2670, 'dany.pambudi', '680005273', '198912272014021003', 'Dany Pambudi, S.Komp.', 4040000, 'Pusat Manajemen Informasi', 'PMI', 4041011, 'Staf Sub Bidang Pengembangan Infrastruktur', NULL, NULL, '680003859', 'Kepala Sub Bidang', 'Sub Bidang Pengembangan Infrastruktur', 1),
(2671, 'josua.geovani', '680005531', '199505162018011001', 'Josua Geovani Pinem, S.T.', 4040000, 'Pusat Manajemen Informasi', 'PMI', 4041011, 'Staf Sub Bidang Pengembangan Infrastruktur', NULL, NULL, '680003859', 'Kepala Sub Bidang', 'Sub Bidang Pengembangan Infrastruktur', 1),
(2673, 'ardhiyan.aulia', '680003987', '197501222002121003', 'Ardhiyan Aulia, ST., M.T.I', 4040000, 'Pusat Manajemen Informasi', 'PMI', 4041021, 'Staf Sub Bidang Optimasi Infrastruktur', NULL, NULL, '680003578', 'Kepala Bidang', 'Bidang Infrastruktur Informasi', 1),
(2674, 'wahyu.juniardi', '680005251', '198606272014021002', 'Wahyu Juniardi, S. Kom', 4040000, 'Pusat Manajemen Informasi', 'PMI', 4041021, 'Staf Sub Bidang Optimasi Infrastruktur', NULL, NULL, '680003578', 'Kepala Bidang', 'Bidang Infrastruktur Informasi', 1),
(2675, 'elfrin.erawan', '680005258', '198810242014021002', 'Elfrin Erawan, S. Kom', 4040000, 'Pusat Manajemen Informasi', 'PMI', 4041021, 'Staf Sub Bidang Optimasi Infrastruktur', NULL, NULL, '680003578', 'Kepala Bidang', 'Bidang Infrastruktur Informasi', 1),
(2676, 'wasis.ananto', '680005277', '199005182014021003', 'Wasis Ananto, S.Com', 4040000, 'Pusat Manajemen Informasi', 'PMI', NULL, NULL, NULL, NULL, '680003578', 'Kepala Bidang', 'Bidang Infrastruktur Informasi', 1),
(2677, 'noviyanah.farhanah', '680005287', '198811112014022004', 'Noviyanah Farhanah, S. Kom', 4040000, 'Pusat Manajemen Informasi', 'PMI', 4041021, 'Staf Sub Bidang Optimasi Infrastruktur', NULL, NULL, '680003578', 'Kepala Bidang', 'Bidang Infrastruktur Informasi', 1),
(2678, 'rizqi.budi', '680005468', '198702042015031001', 'Rizqi Budi Satriyo, S.T', 4040000, 'Pusat Manajemen Informasi', 'PMI', 4041021, 'Staf Sub Bidang Optimasi Infrastruktur', NULL, NULL, '680003578', 'Kepala Bidang', 'Bidang Infrastruktur Informasi', 1),
(2679, 'fachruddin.rahmat', '680002962', '196610191991031001', 'Drs. Fachruddin Rahmat, M. Si', 4040000, 'Pusat Manajemen Informasi', 'PMI', 4042000, 'Bidang Manajemen Aplikasi e-Government', 43, 'Kepala Bidang', '680001821', 'Kepala Pusat', 'Pusat Manajemen Informasi', 1),
(2680, 'rachmat', '680004655', '198404172009011003', 'Rachmat, S.Kom., M.Kom', 4040000, 'Pusat Manajemen Informasi', 'PMI', 4042010, 'Sub Bidang Pengembangan Aplikasi e-Government', 53, 'Kepala Sub Bidang', '680002962', 'Kepala Bidang', 'Bidang Manajemen Aplikasi e-Government', 1),
(2681, 'adam.firman', '680001594', '196611301986021001', 'Adam Firman, S.Sos.', 4040000, 'Pusat Manajemen Informasi', 'PMI', 4042011, 'Staf Sub Bidang Pengembangan Aplikasi e-Government', NULL, NULL, '680004655', 'Kepala Sub Bidang', 'Sub Bidang Pengembangan Aplikasi e-Government', 1),
(2682, 'nimas.ayu', '680003954', '197806272002122001', 'Nimas Ayu Untariyati, S.Kom., M.T.I', 4040000, 'Pusat Manajemen Informasi', 'PMI', 4042011, 'Staf Sub Bidang Pengembangan Aplikasi e-Government', NULL, NULL, '680004655', 'Kepala Sub Bidang', 'Sub Bidang Pengembangan Aplikasi e-Government', 1),
(2683, 'denna.arfiani', '680004411', '198512132008012007', 'Denna Arfiani, S.Kom, M.T.I', 4040000, 'Pusat Manajemen Informasi', 'PMI', 4042011, 'Staf Sub Bidang Pengembangan Aplikasi e-Government', NULL, NULL, '680004655', 'Kepala Sub Bidang', 'Sub Bidang Pengembangan Aplikasi e-Government', 1),
(2684, 'riri.kusumarani', '680004412', '198310252008012005', 'Riri Kusumarani, S.Kom., M. Art', 4040000, 'Pusat Manajemen Informasi', 'PMI', 4042011, 'Staf Sub Bidang Pengembangan Aplikasi e-Government', NULL, NULL, '680004655', 'Kepala Sub Bidang', 'Sub Bidang Pengembangan Aplikasi e-Government', 1),
(2685, 'taufik.iqbal', '680005271', '198904082014021003', 'Taufik Iqbal Ramdhani, S. Kom', 4040000, 'Pusat Manajemen Informasi', 'PMI', 4042011, 'Staf Sub Bidang Pengembangan Aplikasi e-Government', NULL, NULL, '680004655', 'Kepala Sub Bidang', 'Sub Bidang Pengembangan Aplikasi e-Government', 1),
(2686, 'nuraisa.novia', '680005276', '198911232014022001', 'Nuraisa Novia Hidayati, S. Kom', 4040000, 'Pusat Manajemen Informasi', 'PMI', 4042011, 'Staf Sub Bidang Pengembangan Aplikasi e-Government', NULL, NULL, '680004655', 'Kepala Sub Bidang', 'Sub Bidang Pengembangan Aplikasi e-Government', 1),
(2687, 'satyo.yudanto', '680005281', '198908292014021001', 'Satyo Yudanto, S. Kom', 4040000, 'Pusat Manajemen Informasi', 'PMI', 4042011, 'Staf Sub Bidang Pengembangan Aplikasi e-Government', NULL, NULL, '680004655', 'Kepala Sub Bidang', 'Sub Bidang Pengembangan Aplikasi e-Government', 1),
(2688, 'lukman.syarif', '680005286', '198508132014021003', 'Lukman Syarif Hidayat, A. Md', 4040000, 'Pusat Manajemen Informasi', 'PMI', 4042011, 'Staf Sub Bidang Pengembangan Aplikasi e-Government', NULL, NULL, '680004655', 'Kepala Sub Bidang', 'Sub Bidang Pengembangan Aplikasi e-Government', 1),
(2689, 'yufan.amri', '680005323', '199007132014021001', 'Yufan Amri, S. Kom', 4040000, 'Pusat Manajemen Informasi', 'PMI', 4042011, 'Staf Sub Bidang Pengembangan Aplikasi e-Government', NULL, NULL, '680004655', 'Kepala Sub Bidang', 'Sub Bidang Pengembangan Aplikasi e-Government', 1),
(2690, 'rahmat.irfan', '680005532', '199601212018011002', 'Rahmat Irfan, S.Kom.', 4040000, 'Pusat Manajemen Informasi', 'PMI', 4042011, 'Staf Sub Bidang Pengembangan Aplikasi e-Government', NULL, NULL, '680004655', 'Kepala Sub Bidang', 'Sub Bidang Pengembangan Aplikasi e-Government', 1),
(2691, 'ibnu.abdullah', '680005704', '199412262019021002', 'Ibnu Abdullah, S.SI.', 4040000, 'Pusat Manajemen Informasi', 'PMI', 4042011, 'Staf Sub Bidang Pengembangan Aplikasi e-Government', NULL, NULL, '680004655', 'Kepala Sub Bidang', 'Sub Bidang Pengembangan Aplikasi e-Government', 1),
(2692, 'yudha.wahyu', '680005257', '198503262014021001', 'Yudha Wahyu Prasetia, S. Kom', 4040000, 'Pusat Manajemen Informasi', 'PMI', 4042020, 'Sub Bidang Manajemen Penyajian Data dan Informasi', 53, 'Kepala Sub Bidang', '680002962', 'Kepala Bidang', 'Bidang Manajemen Aplikasi e-Government', 1),
(2693, 'trianita.hermawati', '680004691', '198101172009012004', 'Trianita Hermawati, ST., M.Ds.', 4040000, 'Pusat Manajemen Informasi', 'PMI', 4042021, 'Staf Sub Bidang Manajemen Penyajian Data dan Informasi', NULL, NULL, '680005257', 'Kepala Sub Bidang', 'Sub Bidang Manajemen Penyajian Data dan Informasi', 1),
(2694, 'kemas.mohammad', '680005282', '198303132014021001', 'Kemas Mohammad Naufal, S. Kom', 4040000, 'Pusat Manajemen Informasi', 'PMI', 4042021, 'Staf Sub Bidang Manajemen Penyajian Data dan Informasi', NULL, NULL, '680005257', 'Kepala Sub Bidang', 'Sub Bidang Manajemen Penyajian Data dan Informasi', 1),
(2695, 'rio.saputra', '680005315', '199011302014021002', 'Rio Saputra, S.SI.', 4040000, 'Pusat Manajemen Informasi', 'PMI', 4042021, 'Staf Sub Bidang Manajemen Penyajian Data dan Informasi', NULL, NULL, '680005257', 'Kepala Sub Bidang', 'Sub Bidang Manajemen Penyajian Data dan Informasi', 1),
(2696, 'ahmad.mundhofa', '680005699', '199608082019021002', 'Ahmad Mundhofa, A.Md.', 4040000, 'Pusat Manajemen Informasi', 'PMI', 4042021, 'Staf Sub Bidang Manajemen Penyajian Data dan Informasi', NULL, NULL, '680005257', 'Kepala Sub Bidang', 'Sub Bidang Manajemen Penyajian Data dan Informasi', 1),
(2697, 'eka.meifrina', '680003807', '197305111998012001', 'Eka Meifrina Suminarsih, S.S. MM', 4040000, 'Pusat Manajemen Informasi', 'PMI', 4043000, 'Bidang Manajemen Pengetahuan dan Perpustakaan', 43, 'Kepala Bidang', '680001821', 'Kepala Pusat', 'Pusat Manajemen Informasi', 1),
(2698, 'hadiyati.tarwan', '680001330', '195809081985032003', 'Dra. Hadiyati Tarwan', 4040000, 'Pusat Manajemen Informasi', 'PMI', 4043011, 'Staf Sub Bidang Sistem Manajemen Pengetahuan', NULL, NULL, '680003807', 'Kepala Bidang', 'Bidang Manajemen Pengetahuan dan Perpustakaan', 1),
(2699, 'lucyana.habibie', '680002518', '196411221989032001', 'Dra. Lucyana H. Habibie, MM', 4040000, 'Pusat Manajemen Informasi', 'PMI', 4043011, 'Staf Sub Bidang Sistem Manajemen Pengetahuan', NULL, NULL, '680003807', 'Kepala Bidang', 'Bidang Manajemen Pengetahuan dan Perpustakaan', 1),
(2700, 'anne.parlina', '680003353', '197602141994032001', 'Dipl. Ing (FH) Anne Parlina, M.P.', 4040000, 'Pusat Manajemen Informasi', 'PMI', 4043011, 'Staf Sub Bidang Sistem Manajemen Pengetahuan', NULL, NULL, '680003807', 'Kepala Bidang', 'Bidang Manajemen Pengetahuan dan Perpustakaan', 1),
(2701, 'bambang.nurcahyadi', '680003436', '196607201994031002', 'Ir. Bambang Nurcahyadi, MM', 4040000, 'Pusat Manajemen Informasi', 'PMI', 4043011, 'Staf Sub Bidang Sistem Manajemen Pengetahuan', NULL, NULL, '680003807', 'Kepala Bidang', 'Bidang Manajemen Pengetahuan dan Perpustakaan', 1),
(2702, 'lisda.rahayu', '680003495', '196909171995032001', 'Lisda Rahayu, SIP. , M. HUM', 4040000, 'Pusat Manajemen Informasi', 'PMI', 4043011, 'Staf Sub Bidang Sistem Manajemen Pengetahuan', NULL, NULL, '680003807', 'Kepala Bidang', 'Bidang Manajemen Pengetahuan dan Perpustakaan', 1),
(2703, 'putri.pramesti', '680004894', '198809082009122001', 'Raden Putri Ayu Pramesti, S.Komp, M.Kom', 4040000, 'Pusat Manajemen Informasi', 'PMI', 4043011, 'Staf Sub Bidang Sistem Manajemen Pengetahuan', NULL, NULL, '680003807', 'Kepala Bidang', 'Bidang Manajemen Pengetahuan dan Perpustakaan', 1),
(2704, 'rasty.ucyari', '680005706', '199501062019022004', 'Rasty Ucyari, S.Hum.', 4040000, 'Pusat Manajemen Informasi', 'PMI', 4043011, 'Staf Sub Bidang Sistem Manajemen Pengetahuan', NULL, NULL, '680003807', 'Kepala Bidang', 'Bidang Manajemen Pengetahuan dan Perpustakaan', 1),
(2705, 'indra.adiningrat', '680005079', '198906302010121005', 'Muhammad Indra Adiningrat, S.Sos', 4040000, 'Pusat Manajemen Informasi', 'PMI', 4043020, 'Sub Bidang Pengelolaan Perpustakaan', 53, 'Kepala Sub Bidang', '680003807', 'Kepala Bidang', 'Bidang Manajemen Pengetahuan dan Perpustakaan', 1),
(2706, 'lies.suliestyowati', '680000911', '195706091983022001', 'Dra. Lies Suliestyowati, MSi.', 4040000, 'Pusat Manajemen Informasi', 'PMI', 4043021, 'Staf Sub Bidang Pengelolaan Perpustakaan', NULL, NULL, '680005079', 'Kepala Sub Bidang', 'Sub Bidang Pengelolaan Perpustakaan', 1),
(2707, 'suci.wulandari', '680003853', '197404041998032003', 'Suci Wulandari, S.SOS.,M.Si.', 4040000, 'Pusat Manajemen Informasi', 'PMI', 4043021, 'Staf Sub Bidang Pengelolaan Perpustakaan', NULL, NULL, '680005079', 'Kepala Sub Bidang', 'Sub Bidang Pengelolaan Perpustakaan', 1),
(2708, 'jaenudin', '680004095', '196905052006041023', 'Jaenudin, S. Sos', 4040000, 'Pusat Manajemen Informasi', 'PMI', 4043021, 'Staf Sub Bidang Pengelolaan Perpustakaan', NULL, NULL, '680005079', 'Kepala Sub Bidang', 'Sub Bidang Pengelolaan Perpustakaan', 1),
(2709, 'ria.ariani', '680005035', '198709242010122002', 'Ria Ariani, S.Sos', 4040000, 'Pusat Manajemen Informasi', 'PMI', 4043021, 'Staf Sub Bidang Pengelolaan Perpustakaan', NULL, NULL, '680005079', 'Kepala Sub Bidang', 'Sub Bidang Pengelolaan Perpustakaan', 1),
(2710, 'toto.purbiyanto', '680001511', '196703141986021001', 'Toto Purbiyanto, S Kom., M.T.I', 4040000, 'Pusat Manajemen Informasi', 'PMI', 4044001, 'Staf Bidang Pelayanan Standardisasi', 43, 'Kepala Bidang', '680001821', 'Kepala Pusat', 'Pusat Manajemen Informasi', 1),
(2711, 'ulfa.ning', '680004876', '198610212009122002', 'Ulfa Ning Thiyas, S.Si', 4040000, 'Pusat Manajemen Informasi', 'PMI', 4044010, 'Sub Bidang Standardisasi Inovasi', 53, 'Kepala Sub Bidang', '680001511', 'Kepala Bidang', 'Bidang Pelayanan Standardisasi', 1),
(2713, 'yanti.rayana', '680002153', '195911231988012001', 'Ir. Yanti Rayana Dewi, M. Eng.', 4040000, 'Pusat Manajemen Informasi', 'PMI', 4044011, 'Staf Sub Bidang Standardisasi Inovasi', NULL, NULL, '680004876', 'Kepala Sub Bidang', 'Sub Bidang Standardisasi Inovasi', 1),
(2714, 'imam.setyawan', '680004410', '197912172008011013', 'S. Imam Setyawan, S.Sos., M. Si.', 4040000, 'Pusat Manajemen Informasi', 'PMI', 4044011, 'Staf Sub Bidang Standardisasi Inovasi', NULL, NULL, '680004876', 'Kepala Sub Bidang', 'Sub Bidang Standardisasi Inovasi', 1),
(2715, 'yosa.permata', '680005711', '199505212019022006', 'Yosa Permata Shafira, S.T.', 4040000, 'Pusat Manajemen Informasi', 'PMI', 4044011, 'Staf Sub Bidang Standardisasi Inovasi', NULL, NULL, '680004876', 'Kepala Sub Bidang', 'Sub Bidang Standardisasi Inovasi', 1),
(2716, 'dian.agustina', '680005086', '198608122010122004', 'Dian Agustina, S.IKom', 4040000, 'Pusat Manajemen Informasi', 'PMI', 4044020, 'Sub Bidang Standardisasi Layanan Teknologi', 53, 'Kepala Sub Bidang', '680001511', 'Kepala Bidang', 'Bidang Pelayanan Standardisasi', 1),
(2717, 'ismed.yanuar', '680002389', '197001301988121001', 'Ir. Ahmad Ismed Yanuar, M. Eng.', 4040000, 'Pusat Manajemen Informasi', 'PMI', 4044021, 'Staf Sub Bidang Standardisasi Layanan Teknologi', NULL, NULL, '680005086', 'Kepala Sub Bidang', 'Sub Bidang Standardisasi Layanan Teknologi', 1),
(2718, 'sherafina.reni', '680004347', '197308222008012012', 'Sherafina Reni Cahayanti, SP., MP', 4040000, 'Pusat Manajemen Informasi', 'PMI', 4044021, 'Staf Sub Bidang Standardisasi Layanan Teknologi', NULL, NULL, '680005086', 'Kepala Sub Bidang', 'Sub Bidang Standardisasi Layanan Teknologi', 1),
(2719, 'jonathan.prabowo', '680005087', '198705052010121007', 'Jonathan Prabowo, S.Si', 4040000, 'Pusat Manajemen Informasi', 'PMI', 4044021, 'Staf Sub Bidang Standardisasi Layanan Teknologi', NULL, NULL, '680005086', 'Kepala Sub Bidang', 'Sub Bidang Standardisasi Layanan Teknologi', 1),
(2720, 'tri.nugraha', '680005256', '199012082014021002', 'Tri Nugraha Aji Pamungkas, S. Kom', 4040000, 'Pusat Manajemen Informasi', 'PMI', 4044021, 'Staf Sub Bidang Standardisasi Layanan Teknologi', NULL, NULL, '680005086', 'Kepala Sub Bidang', 'Sub Bidang Standardisasi Layanan Teknologi', 1);

-- --------------------------------------------------------

--
-- Table structure for table `unitjabatan`
--

CREATE TABLE `unitjabatan` (
  `kategori` int(11) DEFAULT '2006',
  `kode_unit` varchar(10) NOT NULL DEFAULT '',
  `unit` text,
  `kode_unitatas1` varchar(10) DEFAULT NULL,
  `kode_unitatas2` varchar(10) DEFAULT NULL,
  `singkatan` varchar(25) DEFAULT NULL,
  `is_unit` tinyint(4) DEFAULT '0',
  `is_deputi` tinyint(4) DEFAULT '0',
  `is_kabppt` tinyint(4) DEFAULT '0'
) ENGINE=MyISAM DEFAULT CHARSET=latin1 ROW_FORMAT=DYNAMIC;

--
-- Dumping data for table `unitjabatan`
--

INSERT INTO `unitjabatan` (`kategori`, `kode_unit`, `unit`, `kode_unitatas1`, `kode_unitatas2`, `singkatan`, `is_unit`, `is_deputi`, `is_kabppt`) VALUES
(2017, '4000000', 'Badan Pengkajian dan Penerapan Teknologi', '0', '0', 'KABPPT', 0, 0, 1),
(2017, '4010000', 'Inspektorat', '4000000', '4000000', 'INSP', 1, 0, 0),
(2017, '4010001', 'Staf Inspektorat', '4010000', '4000000', 'INSP', 0, 0, 0),
(2017, '4010010', 'Sub Bagian Tata Usaha', '4010000', '4000000', 'INSP', 0, 0, 0),
(2017, '4010011', 'Staf Sub Bagian Tata Usaha', '4010010', '4010000', 'INSP', 0, 0, 0),
(2017, '4020000', 'Pusat Pelayanan Teknologi', '4000000', '4000000', 'Pusyantek', 1, 0, 0),
(2017, '4020001', 'Staf Pusat Pelayanan Teknologi', '4020000', '4000000', 'Pusyantek', 0, 0, 0),
(2017, '4020010', 'Sub Bagian Tata Usaha', '4020000', '4000000', 'Pusyantek', 0, 0, 0),
(2017, '4020011', 'Staf Sub Bagian Tata Usaha', '4020010', '4020000', 'Pusyantek', 0, 0, 0),
(2017, '4021000', 'Bidang Manajemen Pemasaran', '4020000', '4000000', 'Pusyantek', 0, 0, 0),
(2017, '4021001', 'Staf Bidang Manajemen Pemasaran', '4021000', '4020000', 'Pusyantek', 0, 0, 0),
(2017, '4021010', 'Sub Bidang Perencanaan Pemasaran', '4021000', '4020000', 'Pusyantek', 0, 0, 0),
(2017, '4021011', 'Staf Sub Bidang Perencanaan Pemasaran', '4021010', '4021000', 'Pusyantek', 0, 0, 0),
(2017, '4021020', 'Sub Bidang Pemasyarakatan', '4021000', '4020000', 'Pusyantek', 0, 0, 0),
(2017, '4021021', 'Staf Sub Bidang Pemasyarakatan', '4021020', '4021000', 'Pusyantek', 0, 0, 0),
(2017, '4022000', 'Bidang Manajemen Kontrak dan Lisensi', '4020000', '4000000', 'Pusyantek', 0, 0, 0),
(2017, '4022001', 'Staf Bidang Manajemen Kontrak dan Lisensi', '4022000', '4020000', 'Pusyantek', 0, 0, 0),
(2017, '4022010', 'Sub Bidang Kontrak', '4022000', '4020000', 'Pusyantek', 0, 0, 0),
(2017, '4022011', 'Staf Sub Bidang Kontrak', '4022010', '4022000', 'Pusyantek', 0, 0, 0),
(2017, '4022020', 'Sub Bidang Lisensi', '4022000', '4020000', 'Pusyantek', 0, 0, 0),
(2017, '4022021', 'Staf Sub Bidang Lisensi', '4022020', '4022000', 'Pusyantek', 0, 0, 0),
(2017, '4023000', 'Bidang Manajemen Proyek', '4020000', '4000000', 'Pusyantek', 0, 0, 0),
(2017, '4023001', 'Staf Bidang Manajemen Proyek', '4023000', '4020000', 'Pusyantek', 0, 0, 0),
(2017, '4023010', 'Sub Bidang Pelayanan Jasa', '4023000', '4020000', 'Pusyantek', 0, 0, 0),
(2017, '4023011', 'Staf Sub Bidang Pelayanan Jasa', '4023010', '4023000', 'Pusyantek', 0, 0, 0),
(2017, '4023020', 'Sub Bidang Pematangan Usaha', '4023000', '4020000', 'Pusyantek', 0, 0, 0),
(2017, '4023021', 'Staf Sub Bidang Pematangan Usaha', '4023020', '4023000', 'Pusyantek', 0, 0, 0),
(2017, '4023030', 'Sub Bidang Monitoring dan Evaluasi', '4023000', '4020000', 'Pusyantek', 0, 0, 0),
(2017, '4023031', 'Staf Sub Bidang Monitoring dan Evaluasi', '4023030', '4023000', 'Pusyantek', 0, 0, 0),
(2017, '4024000', 'Bidang Manajemen Keuangan', '4020000', '4000000', 'Pusyantek', 0, 0, 0),
(2017, '4024001', 'Staf Bidang Manajemen Keuangan', '4024000', '4020000', 'Pusyantek', 0, 0, 0),
(2017, '4024010', 'Sub Bidang Penerimaan', '4024000', '4020000', 'Pusyantek', 0, 0, 0),
(2017, '4024011', 'Staf Sub Bidang Penerimaan', '4024010', '4024000', 'Pusyantek', 0, 0, 0),
(2017, '4024020', 'Sub Bidang Verifikasi', '4024000', '4020000', 'Pusyantek', 0, 0, 0),
(2017, '4024021', 'Staf Sub Bidang Verifikasi', '4024020', '4024000', 'Pusyantek', 0, 0, 0),
(2017, '4024030', 'Sub Bidang Pembiayaan dan Pelaporan', '4024000', '4020000', 'Pusyantek', 0, 0, 0),
(2017, '4024031', 'Staf Sub Bidang Pembiayaan dan Pelaporan', '4024030', '4024000', 'Pusyantek', 0, 0, 0),
(2017, '4030000', 'Pusat Pembinaan, Pendidikan dan Pelatihan', '4000000', '4000000', 'Pusbindiklat', 1, 0, 0),
(2017, '4030001', 'Staf Pusat Pembinaan, Pendidikan dan Pelatihan', '4030000', '4000000', 'Pusbindiklat', 0, 0, 0),
(2017, '4030010', 'Sub Bagian Tata Usaha', '4030000', '4000000', 'Pusbindiklat', 0, 0, 0),
(2017, '4030011', 'Staf Sub Bagian Tata Usaha', '4030010', '4030000', 'Pusbindiklat', 0, 0, 0),
(2017, '4031000', 'Bidang Program, Evaluasi dan Data', '4030000', '4000000', 'Pusbindiklat', 0, 0, 0),
(2017, '4031001', 'Staf Bidang Program, Evaluasi dan Data', '4031000', '4030000', 'Pusbindiklat', 0, 0, 0),
(2017, '4031010', 'Sub Bidang Program', '4031000', '4030000', 'Pusbindiklat', 0, 0, 0),
(2017, '4031011', 'Staf Sub Bidang Program', '4031010', '4031000', 'Pusbindiklat', 0, 0, 0),
(2017, '4031020', 'Sub Bidang Evaluasi', '4031000', '4030000', 'Pusbindiklat', 0, 0, 0),
(2017, '4031021', 'Staf Sub Bidang Evaluasi', '4031020', '4031000', 'Pusbindiklat', 0, 0, 0),
(2017, '4031030', 'Sub Bidang Data', '4031000', '4030000', 'Pusbindiklat', 0, 0, 0),
(2017, '4031031', 'Staf Sub Bidang Data', '4031030', '4031000', 'Pusbindiklat', 0, 0, 0),
(2017, '4032000', 'Bidang Penyelenggaraan Pendidikan dan Pelatihan', '4030000', '4000000', 'Pusbindiklat', 0, 0, 0),
(2017, '4032001', 'Staf Bidang Penyelenggaraan Pendidikan dan Pelatihan', '4032000', '4030000', 'Pusbindiklat', 0, 0, 0),
(2017, '4032010', 'Sub Bidang Penyelenggaraan Pendidikan dan Pelatihan Teknis', '4032000', '4030000', 'Pusbindiklat', 0, 0, 0),
(2017, '4032011', 'Staf Sub Bidang Penyelenggaraan Pendidikan dan Pelatihan Teknis', '4032010', '4032000', 'Pusbindiklat', 0, 0, 0),
(2017, '4032020', 'Sub Bidang Penyelenggaraan Pendidikan dan Pelatihan Penjenjangan', '4032000', '4030000', 'Pusbindiklat', 0, 0, 0),
(2017, '4032021', 'Staf Sub Bidang Penyelenggaraan Pendidikan dan Pelatihan Penjenjangan', '4032020', '4032000', 'Pusbindiklat', 0, 0, 0),
(2017, '4033000', 'Bidang Akreditasi dan Penilaian', '4030000', '4000000', 'Pusbindiklat', 0, 0, 0),
(2017, '4033001', 'Staf Bidang Akreditasi dan Penilaian', '4033000', '4030000', 'Pusbindiklat', 0, 0, 0),
(2017, '4033010', 'Sub Bidang Akreditasi', '4033000', '4030000', 'Pusbindiklat', 0, 0, 0),
(2017, '4033011', 'Staf Sub Bidang Akreditasi', '4033010', '4033000', 'Pusbindiklat', 0, 0, 0),
(2017, '4033020', 'Sub Bidang Penilaian Angka Kredit', '4033000', '4030000', 'Pusbindiklat', 0, 0, 0),
(2017, '4033021', 'Staf Sub Bidang Penilaian Angka Kredit', '4033020', '4033000', 'Pusbindiklat', 0, 0, 0),
(2017, '4040000', 'Pusat Manajemen Informasi', '4000000', '4000000', 'PMI', 1, 0, 0),
(2017, '4040001', 'Staf Pusat Manajemen Informasi', '4040000', '4000000', 'PMI', 0, 0, 0),
(2017, '4040010', 'Sub Bagian Tata Usaha', '4040000', '4000000', 'PMI', 0, 0, 0),
(2017, '4040011', 'Staf Sub Bagian Tata Usaha', '4040010', '4040000', 'PMI', 0, 0, 0),
(2017, '4041000', 'Bidang Infrastruktur Informasi', '4040000', '4000000', 'PMI', 0, 0, 0),
(2017, '4041001', 'Staf Bidang Infrastruktur Informasi', '4041000', '4040000', 'PMI', 0, 0, 0),
(2017, '4041010', 'Sub Bidang Pengembangan Infrastruktur', '4041000', '4040000', 'PMI', 0, 0, 0),
(2017, '4041011', 'Staf Sub Bidang Pengembangan Infrastruktur', '4041010', '4041000', 'PMI', 0, 0, 0),
(2017, '4041020', 'Sub Bidang Optimasi Infrastruktur', '4041000', '4040000', 'PMI', 0, 0, 0),
(2017, '4041021', 'Staf Sub Bidang Optimasi Infrastruktur', '4041020', '4041000', 'PMI', 0, 0, 0),
(2017, '4042000', 'Bidang Manajemen Aplikasi e-Government', '4040000', '4000000', 'PMI', 0, 0, 0),
(2017, '4042001', 'Staf Bidang Manajemen Aplikasi e-Government', '4042000', '4040000', 'PMI', 0, 0, 0),
(2017, '4042010', 'Sub Bidang Pengembangan Aplikasi e-Government', '4042000', '4040000', 'PMI', 0, 0, 0),
(2017, '4042011', 'Staf Sub Bidang Pengembangan Aplikasi e-Government', '4042010', '4042000', 'PMI', 0, 0, 0),
(2017, '4042020', 'Sub Bidang Manajemen Penyajian Data dan Informasi', '4042000', '4040000', 'PMI', 0, 0, 0),
(2017, '4042021', 'Staf Sub Bidang Manajemen Penyajian Data dan Informasi', '4042020', '4042000', 'PMI', 0, 0, 0),
(2017, '4043000', 'Bidang Manajemen Pengetahuan dan Perpustakaan', '4040000', '4000000', 'PMI', 0, 0, 0),
(2017, '4043001', 'Staf Bidang Manajemen Pengetahuan dan Perpustakaan', '4043000', '4040000', 'PMI', 0, 0, 0),
(2017, '4043010', 'Sub Bidang Sistem Manajemen Pengetahuan', '4043000', '4040000', 'PMI', 0, 0, 0),
(2017, '4043011', 'Staf Sub Bidang Sistem Manajemen Pengetahuan', '4043010', '4043000', 'PMI', 0, 0, 0),
(2017, '4043020', 'Sub Bidang Pengelolaan Perpustakaan', '4043000', '4040000', 'PMI', 0, 0, 0),
(2017, '4043021', 'Staf Sub Bidang Pengelolaan Perpustakaan', '4043020', '4043000', 'PMI', 0, 0, 0),
(2017, '4044000', 'Bidang Pelayanan Standardisasi', '4040000', '4000000', 'PMI', 0, 0, 0),
(2017, '4044001', 'Staf Bidang Pelayanan Standardisasi', '4044000', '4040000', 'PMI', 0, 0, 0),
(2017, '4044010', 'Sub Bidang Standardisasi Inovasi', '4044000', '4040000', 'PMI', 0, 0, 0),
(2017, '4044011', 'Staf Sub Bidang Standardisasi Inovasi', '4044010', '4044000', 'PMI', 0, 0, 0),
(2017, '4044020', 'Sub Bidang Standardisasi Layanan Teknologi', '4044000', '4040000', 'PMI', 0, 0, 0),
(2017, '4044021', 'Staf Sub Bidang Standardisasi Layanan Teknologi', '4044020', '4044000', 'PMI', 0, 0, 0),
(2017, '4100000', 'Sekretariat Utama', '4000000', '4000000', 'SETAMA', 0, 1, 0),
(2017, '4110000', 'Biro Perencanaan dan Keuangan', '4100000', '4000000', 'Renkeu', 1, 0, 0),
(2017, '4110001', 'Staf Biro Perencanaan dan Keuangan', '4110000', '4100000', 'Renkeu', 0, 0, 0),
(2017, '4111000', 'Bagian Program dan Anggaran', '4110000', '4100000', 'Renkeu', 0, 0, 0),
(2017, '4111001', 'Staf Bagian Program dan Anggaran', '4111000', '4110000', 'Renkeu', 0, 0, 0),
(2017, '4111010', 'Sub Bagian Penyusunan Program', '4111000', '4110000', 'Renkeu', 0, 0, 0),
(2017, '4111011', 'Staf Sub Bagian Penyusunan Program', '4111010', '4111000', 'Renkeu', 0, 0, 0),
(2017, '4111020', 'Sub Bagian Penyusunan Anggaran', '4111000', '4110000', 'Renkeu', 0, 0, 0),
(2017, '4111021', 'Staf Sub Bagian Penyusunan Anggaran', '4111020', '4111000', 'Renkeu', 0, 0, 0),
(2017, '4111030', 'Sub Bagian Penyusunan Rencana Strategis', '4111000', '4110000', 'Renkeu', 0, 0, 0),
(2017, '4111031', 'Staf Sub Bagian Penyusunan Rencana Strategis', '4111030', '4111000', 'Renkeu', 0, 0, 0),
(2017, '4112000', 'Bagian Evaluasi dan Pelaporan Kinerja', '4110000', '4100000', 'Renkeu', 0, 0, 0),
(2017, '4112001', 'Staf Bagian Evaluasi dan Pelaporan Kinerja', '4112000', '4110000', 'Renkeu', 0, 0, 0),
(2017, '4112010', 'Sub Bagian Evaluasi Kinerja', '4112000', '4110000', 'Renkeu', 0, 0, 0),
(2017, '4112011', 'Staf Sub Bagian Evaluasi Kinerja', '4112010', '4112000', 'Renkeu', 0, 0, 0),
(2017, '4112020', 'Sub Bagian Pelaporan Kinerja', '4112000', '4110000', 'Renkeu', 0, 0, 0),
(2017, '4112021', 'Staf Sub Bagian Pelaporan Kinerja', '4112020', '4112000', 'Renkeu', 0, 0, 0),
(2017, '4112030', 'Sub Bagian Pengelolaan Data Perencanaan', '4112000', '4110000', 'Renkeu', 0, 0, 0),
(2017, '4112031', 'Staf Sub Bagian Pengelolaan Data Perencanaan', '4112030', '4112000', 'Renkeu', 0, 0, 0),
(2017, '4113000', 'Bagian Verifikasi dan Perbendaharaan', '4110000', '4100000', 'Renkeu', 0, 0, 0),
(2017, '4113001', 'Staf Bagian Verifikasi dan Perbendaharaan', '4113000', '4110000', 'Renkeu', 0, 0, 0),
(2017, '4113010', 'Sub Bagian Verifikasi Anggaran', '4113000', '4110000', 'Renkeu', 0, 0, 0),
(2017, '4113011', 'Staf Sub Bagian Verifikasi Anggaran', '4113010', '4113000', 'Renkeu', 0, 0, 0),
(2017, '4113020', 'Sub Bagian Pembayaran', '4113000', '4110000', 'Renkeu', 0, 0, 0),
(2017, '4113021', 'Staf Sub Bagian Pembayaran', '4113020', '4113000', 'Renkeu', 0, 0, 0),
(2017, '4113030', 'Sub Bagian Penggajian', '4113000', '4110000', 'Renkeu', 0, 0, 0),
(2017, '4113031', 'Staf Sub Bagian Penggajian', '4113030', '4113000', 'Renkeu', 0, 0, 0),
(2017, '4114000', 'Bagian Akuntansi dan Pelaporan Keuangan', '4110000', '4100000', 'Renkeu', 0, 0, 0),
(2017, '4114001', 'Staf Bagian Akuntansi dan Pelaporan Keuangan', '4114000', '4110000', 'Renkeu', 0, 0, 0),
(2017, '4114010', 'Sub Bagian Tata Usaha Keuangan', '4114000', '4110000', 'Renkeu', 0, 0, 0),
(2017, '4114011', 'Staf Sub Bagian Tata Usaha Keuangan', '4114010', '4114000', 'Renkeu', 0, 0, 0),
(2017, '4114020', 'Sub Bagian Evaluasi Anggaran', '4114000', '4110000', 'Renkeu', 0, 0, 0),
(2017, '4114021', 'Staf Sub Bagian Evaluasi Anggaran', '4114020', '4114000', 'Renkeu', 0, 0, 0),
(2017, '4114030', 'Sub Bagian Pelaporan Keuangan', '4114000', '4110000', 'Renkeu', 0, 0, 0),
(2017, '4114031', 'Staf Sub Bagian Pelaporan Keuangan', '4114030', '4114000', 'Renkeu', 0, 0, 0),
(2017, '4120000', 'Biro Sumber Daya Manusia dan Organisasi', '4100000', '4000000', 'SDMO', 1, 0, 0),
(2017, '4120001', 'Staf Biro Sumber Daya Manusia dan Organisasi', '4120000', '4100000', 'SDMO', 0, 0, 0),
(2017, '4121000', 'Bagian Perencanaan dan Pengembangan Sumber Daya Manusia', '4120000', '4100000', 'SDMO', 0, 0, 0),
(2017, '4121001', 'Staf Bagian Perencanaan dan Pengembangan Sumber Daya Manusia', '4121000', '4120000', 'SDMO', 0, 0, 0),
(2017, '4121010', 'Sub Bagian Perencanaan Sumber Daya Manusia', '4121000', '4120000', 'SDMO', 0, 0, 0),
(2017, '4121011', 'Staf Sub Bagian Perencanaan Sumber Daya Manusia', '4121010', '4121000', 'SDMO', 0, 0, 0),
(2017, '4121020', 'Sub Bagian Pengembangan Sumber Daya Manusia', '4121000', '4120000', 'SDMO', 0, 0, 0),
(2017, '4121021', 'Staf Sub Bagian Pengembangan Sumber Daya Manusia', '4121020', '4121000', 'SDMO', 0, 0, 0),
(2017, '4122000', 'Bagian Karir dan Mutasi Pegawai', '4120000', '4100000', 'SDMO', 0, 0, 0),
(2017, '4122001', 'Staf Bagian Karir dan Mutasi Pegawai', '4122000', '4120000', 'SDMO', 0, 0, 0),
(2017, '4122010', 'Sub Bagian Karir Struktural', '4122000', '4120000', 'SDMO', 0, 0, 0),
(2017, '4122011', 'Staf Sub Bagian Karir Struktural', '4122010', '4122000', 'SDMO', 0, 0, 0),
(2017, '4122020', 'Sub Bagian Karir Fungsional', '4122000', '4120000', 'SDMO', 0, 0, 0),
(2017, '4122021', 'Staf Sub Bagian Karir Fungsional', '4122020', '4122000', 'SDMO', 0, 0, 0),
(2017, '4122030', 'Sub Bagian Mutasi', '4122000', '4120000', 'SDMO', 0, 0, 0),
(2017, '4122031', 'Staf Sub Bagian Mutasi', '4122030', '4122000', 'SDMO', 0, 0, 0),
(2017, '4123000', 'Bagian Kesejahteraan dan Kinerja Pegawai', '4120000', '4100000', 'SDMO', 0, 0, 0),
(2017, '4123001', 'Staf Bagian Kesejahteraan dan Kinerja Pegawai', '4123000', '4120000', 'SDMO', 0, 0, 0),
(2017, '4123010', 'Sub Bagian Tata Usaha Kepegawaian', '4123000', '4120000', 'SDMO', 0, 0, 0),
(2017, '4123011', 'Staf Sub Bagian Tata Usaha Kepegawaian', '4123010', '4123000', 'SDMO', 0, 0, 0),
(2017, '4123020', 'Sub Bagian Kesejahteraan', '4123000', '4120000', 'SDMO', 0, 0, 0),
(2017, '4123021', 'Staf Sub Bagian Kesejahteraan', '4123020', '4123000', 'SDMO', 0, 0, 0),
(2017, '4123030', 'Sub Bagian Kinerja Pegawai', '4123000', '4120000', 'SDMO', 0, 0, 0),
(2017, '4123031', 'Staf Sub Bagian Kinerja Pegawai', '4123030', '4123000', 'SDMO', 0, 0, 0),
(2017, '4124000', 'Bagian Organisasi dan Tata Laksana', '4120000', '4100000', 'SDMO', 0, 0, 0),
(2017, '4124001', 'Staf Bagian Organisasi dan Tata Laksana', '4124000', '4120000', 'SDMO', 0, 0, 0),
(2017, '4124010', 'Sub Bagian Organisasi', '4124000', '4120000', 'SDMO', 0, 0, 0),
(2017, '4124011', 'Staf Sub Bagian Organisasi', '4124010', '4124000', 'SDMO', 0, 0, 0),
(2017, '4124020', 'Sub Bagian Tata Laksana', '4124000', '4120000', 'SDMO', 0, 0, 0),
(2017, '4124021', 'Staf Sub Bagian Tata Laksana', '4124020', '4124000', 'SDMO', 0, 0, 0),
(2017, '4130000', 'Biro Hukum, Kerja Sama dan Hubungan Masyarakat', '4100000', '4000000', 'HKH', 1, 0, 0),
(2017, '4130001', 'Staf Biro Hukum, Kerja Sama dan Hubungan Masyarakat', '4130000', '4100000', 'HKH', 0, 0, 0),
(2017, '4131000', 'Bagian Hukum dan Kekayaan Intelektual', '4130000', '4100000', 'HKH', 0, 0, 0),
(2017, '4131001', 'Staf Bagian Hukum dan Kekayaan Intelektual', '4131000', '4130000', 'HKH', 0, 0, 0),
(2017, '4131010', 'Sub Bagian Advokasi Hukum', '4131000', '4130000', 'HKH', 0, 0, 0),
(2017, '4131011', 'Staf Sub Bagian Advokasi Hukum', '4131010', '4131000', 'HKH', 0, 0, 0),
(2017, '4131020', 'Sub Bagian Perundang-undangan', '4131000', '4130000', 'HKH', 0, 0, 0),
(2017, '4131021', 'Staf Sub Bagian Perundang-undangan', '4131020', '4131000', 'HKH', 0, 0, 0),
(2017, '4131030', 'Sub Bagian Kekayaan Intelektual', '4131000', '4130000', 'HKH', 0, 0, 0),
(2017, '4131031', 'Staf Sub Bagian Kekayaan Intelektual', '4131030', '4131000', 'HKH', 0, 0, 0),
(2017, '4132000', 'Bagian Kerja Sama', '4130000', '4100000', 'HKH', 0, 0, 0),
(2017, '4132001', 'Staf Bagian Kerja Sama', '4132000', '4130000', 'HKH', 0, 0, 0),
(2017, '4132010', 'Sub Bagian Kerja Sama Antar Lembaga', '4132000', '4130000', 'HKH', 0, 0, 0),
(2017, '4132011', 'Staf Sub Bagian Kerja Sama Antar Lembaga', '4132010', '4132000', 'HKH', 0, 0, 0),
(2017, '4132030', 'Sub Bagian Kerjasama Industri', '4132000', '4130000', 'HKH', 0, 0, 0),
(2017, '4132031', 'Staf Sub Bagian Kerjasama Industri', '4132030', '4132000', 'HKH', 0, 0, 0),
(2017, '4133000', 'Bagian Hubungan Masyarakat', '4130000', '4100000', 'HKH', 0, 0, 0),
(2017, '4133001', 'Staf Bagian Hubungan Masyarakat', '4133000', '4130000', 'HKH', 0, 0, 0),
(2017, '4133010', 'Sub Bagian Protokol dan Hubungan Antar Lembaga', '4133000', '4130000', 'HKH', 0, 0, 0),
(2017, '4133011', 'Staf Sub Bagian Protokol dan Hubungan Antar Lembaga', '4133010', '4133000', 'HKH', 0, 0, 0),
(2017, '4133020', 'Sub Bagian Hubungan Media dan Pengaduan Masyarakat', '4133000', '4130000', 'HKH', 0, 0, 0),
(2017, '4133021', 'Staf Sub Bagian Hubungan Media dan Pengaduan Masyarakat', '4133020', '4133000', 'HKH', 0, 0, 0),
(2017, '4133030', 'Sub Bagian Publikasi dan Dokumentasi', '4133000', '4130000', 'HKH', 0, 0, 0),
(2017, '4133031', 'Staf Sub Bagian Publikasi dan Dokumentasi', '4133030', '4133000', 'HKH', 0, 0, 0),
(2017, '4140000', 'Biro Umum', '4100000', '4000000', 'UMUM', 1, 0, 0),
(2017, '4140001', 'Staf Biro Umum', '4140000', '4100000', 'UMUM', 0, 0, 0),
(2017, '4141000', 'Bagian Perlengkapan', '4140000', '4100000', 'UMUM', 0, 0, 0),
(2017, '4141001', 'Staf Bagian Perlengkapan', '4141000', '4140000', 'UMUM', 0, 0, 0),
(2017, '4141010', 'Sub Bagian Analisis Kebutuhan dan Pengembangan Sarana dan Prasarana', '4141000', '4140000', 'UMUM', 0, 0, 0),
(2017, '4141011', 'Staf Sub Bagian Analisis Kebutuhan dan Pengembangan Sarana dan Prasarana', '4141010', '4141000', 'UMUM', 0, 0, 0),
(2017, '4141020', 'Sub Bagian Pengelolaan Sarana dan Prasarana', '4141000', '4140000', 'UMUM', 0, 0, 0),
(2017, '4141021', 'Staf Sub Bagian Pengelolaan Sarana dan Prasarana', '4141020', '4141000', 'UMUM', 0, 0, 0),
(2017, '4141030', 'Sub Bagian Layanan Pengadaan Barang/Jasa Pemerintah', '4141000', '4140000', 'UMUM', 0, 0, 0),
(2017, '4141031', 'Staf Sub Bagian Layanan Pengadaan Barang/Jasa Pemerintah', '4141030', '4141000', 'UMUM', 0, 0, 0),
(2017, '4142000', 'Bagian Rumah Tangga dan Tata Usaha Pimpinan', '4140000', '4100000', 'UMUM', 0, 0, 0),
(2017, '4142001', 'Staf Bagian Rumah Tangga dan Tata Usaha Pimpinan', '4142000', '4140000', 'UMUM', 0, 0, 0),
(2017, '4142010', 'Sub Bagian Urusan Dalam dan Perjalanan', '4142000', '4140000', 'UMUM', 0, 0, 0),
(2017, '4142011', 'Staf Sub Bagian Urusan Dalam dan Perjalanan', '4142010', '4142000', 'UMUM', 0, 0, 0),
(2017, '4142020', 'Sub Bagian Kendaraan dan Percetakan', '4142000', '4140000', 'UMUM', 0, 0, 0),
(2017, '4142021', 'Staf Sub Bagian Kendaraan dan Percetakan', '4142020', '4142000', 'UMUM', 0, 0, 0),
(2017, '4142030', 'Sub Bagian Tata Usaha dan Arsip', '4142000', '4140000', 'UMUM', 0, 0, 0),
(2017, '4142031', 'Staf Sub Bagian Tata Usaha dan Arsip', '4142030', '4142000', 'UMUM', 0, 0, 0),
(2017, '4142040', 'Sub Bagian Tata Usaha Kepala', '4142000', '4140000', 'UMUM', 0, 0, 0),
(2017, '4142041', 'Staf Sub Bagian Tata Usaha Kepala', '4142040', '4142000', 'UMUM', 0, 0, 0),
(2017, '4142050', 'Sub Bagian Tata Usaha Sekretariat Utama', '4142000', '4140000', 'UMUM', 0, 0, 0),
(2017, '4142051', 'Staf Sub Bagian Tata Usaha Sekretariat Utama', '4142050', '4142000', 'UMUM', 0, 0, 0),
(2017, '4142060', 'Sub Bagian Tata Usaha  Deputi Bidang Pengkajian Kebijaksanaan Teknologi', '4142000', '4140000', 'UMUM', 0, 0, 0),
(2017, '4142061', 'Staf Sub Bagian Tata Usaha  Deputi Bidang Pengkajian Kebijaksanaan Teknologi', '4142060', '4142000', 'UMUM', 0, 0, 0),
(2017, '4142070', 'Sub Bagian Tata Usaha  Deputi Bidang Teknologi Pengembangan Sumberdaya Alam', '4142000', '4140000', 'UMUM', 0, 0, 0),
(2017, '4142071', 'Staf Sub Bagian Tata Usaha  Deputi Bidang Teknologi Pengembangan Sumberdaya Alam', '4142070', '4142000', 'UMUM', 0, 0, 0),
(2017, '4142080', 'Sub Bagian Tata Usaha  Deputi Bidang Teknologi Agroindustri dan Bioteknologi', '4142000', '4140000', 'UMUM', 0, 0, 0),
(2017, '4142081', 'Staf Sub Bagian Tata Usaha  Deputi Bidang Teknologi Agroindustri dan Bioteknologi', '4142080', '4142000', 'UMUM', 0, 0, 0),
(2017, '4142090', 'Sub Bagian Tata Usaha  Deputi Bidang Teknologi Informasi Energi dan Material', '4142000', '4140000', 'UMUM', 0, 0, 0),
(2017, '4142091', 'Staf Sub Bagian Tata Usaha  Deputi Bidang Teknologi Informasi Energi dan Material', '4142090', '4142000', 'UMUM', 0, 0, 0),
(2017, '4142100', 'Sub Bagian Tata Usaha  Deputi Bidang Teknologi Industri Rancang Bangun dan Rekayasa', '4142000', '4140000', 'UMUM', 0, 0, 0),
(2017, '4142101', 'Staf Sub Bagian Tata Usaha  Deputi Bidang Teknologi Industri Rancang Bangun dan Rekayasa', '4142100', '4142000', 'UMUM', 0, 0, 0),
(2017, '4143000', 'Bagian Pengelolaan Barang Milik Negara', '4140000', '4100000', 'UMUM', 0, 0, 0),
(2017, '4143001', 'Staf Bagian Pengelolaan Barang Milik Negara', '4143000', '4140000', 'UMUM', 0, 0, 0),
(2017, '4143010', 'Sub Bagian Penerimaan dan Monitoring Barang Milik Negara', '4143000', '4140000', 'UMUM', 0, 0, 0),
(2017, '4143011', 'Staf Sub Bagian Penerimaan dan Monitoring Barang Milik Negara', '4143010', '4143000', 'UMUM', 0, 0, 0),
(2017, '4143020', 'Sub Bagian Penatausahaan Akuntansi Barang Milik Negara', '4143000', '4140000', 'UMUM', 0, 0, 0),
(2017, '4143021', 'Staf Sub Bagian Penatausahaan Akuntansi Barang Milik Negara', '4143020', '4143000', 'UMUM', 0, 0, 0),
(2017, '4143030', 'Sub Bagian Penghapusan dan Pengendalian Barang Milik Negara', '4143000', '4140000', 'UMUM', 0, 0, 0),
(2017, '4143031', 'Staf Sub Bagian Penghapusan dan Pengendalian Barang Milik Negara', '4143030', '4143000', 'UMUM', 0, 0, 0),
(2017, '4200000', 'Deputi Bidang Pengkajian Kebijakan Teknologi', '4000000', '4000000', 'PKT', 0, 1, 0),
(2017, '4210000', 'Pusat Teknologi Kawasan Spesifik dan Sistem Inovasi', '4200000', '4000000', 'PTKS2I', 1, 0, 0),
(2017, '4210001', 'Staf Pusat Teknologi Kawasan Spesifik dan Sistem Inovasi', '4210000', '4200000', 'PTKS2I', 0, 0, 0),
(2017, '4211000', 'Bagian Program dan Anggaran', '4210000', '4200000', 'PTKS2I', 0, 0, 0),
(2017, '4211001', 'Staf Bagian Program dan Anggaran', '4211000', '4210000', 'PTKS2I', 0, 0, 0),
(2017, '4212000', 'Balai Inkubator Teknologi', '4210000', '4200000', 'BIT', 1, 0, 0),
(2017, '4212001', 'Staf Balai Inkubator Teknologi', '4212000', '4210000', 'BIT', 0, 0, 0),
(2017, '4212010', 'Sub Bagian Tata Usaha', '4212000', '4210000', 'BIT', 0, 0, 0),
(2017, '4212011', 'Staf Sub Bagian Tata Usaha', '4212010', '4212000', 'BIT', 0, 0, 0),
(2017, '4212020', 'Seksi Fasilitasi Usaha Teknologi', '4212000', '4210000', 'BIT', 0, 0, 0),
(2017, '4212021', 'Staf Seksi Fasilitasi Usaha Teknologi', '4212020', '4212000', 'BIT', 0, 0, 0),
(2017, '4212030', 'Seksi Fasilitasi Manajemen Bisnis Teknologi', '4212000', '4210000', 'BIT', 0, 0, 0),
(2017, '4212031', 'Staf Seksi Fasilitasi Manajemen Bisnis Teknologi', '4212030', '4212000', 'BIT', 0, 0, 0),
(2017, '4213000', 'Balai Teknologi Industri Kreatif Keramik', '4210000', '4200000', 'BTIKK', 1, 0, 0),
(2017, '4213001', 'Staf Teknologi Industri Kreatif Keramik', '4213000', '4210000', 'BTIKK', 0, 0, 0),
(2017, '4213010', 'Sub Bagian Tata Usaha', '4213000', '4210000', 'BTIKK', 0, 0, 0),
(2017, '4213011', 'Staf Sub Bagian Tata Usaha', '4213010', '4213000', 'BTIKK', 0, 0, 0),
(2017, '4213020', 'Seksi Program dan Penerapan Teknologi', '4213000', '4210000', 'BTIKK', 0, 0, 0),
(2017, '4213021', 'Staf Seksi Program dan Penerapan Teknologi', '4213020', '4213000', 'BTIKK', 0, 0, 0),
(2017, '4213030', 'Seksi Kerja Sama dan Pelayanan Jasa Teknologi', '4213000', '4210000', 'BTIKK', 0, 0, 0),
(2017, '4213031', 'Staf Seksi Kerja Sama dan Pelayanan Jasa Teknologi', '4213030', '4213000', 'BTIKK', 0, 0, 0),
(2017, '4220000', 'Pusat Pengkajian Industri Proses dan Energi', '4200000', '4000000', 'PPIPE', 1, 0, 0),
(2017, '4220001', 'Staf Pusat Pengkajian Industri Proses dan Energi', '4220000', '4200000', 'PPIPE', 0, 0, 0),
(2017, '4221000', 'Bagian Program dan Anggaran', '4220000', '4200000', 'PPIPE', 0, 0, 0),
(2017, '4221001', 'Staf Bagian Program dan Anggaran', '4221000', '4220000', 'PPIPE', 0, 0, 0),
(2017, '4230000', 'Pusat Pengkajian Industri Manufaktur, Telematika dan Elektronika', '4200000', '4000000', 'PPIMTE', 1, 0, 0),
(2017, '4230001', 'Staf Pusat Pengkajian Industri Manufaktur, Telematika dan Elektronika', '4230000', '4200000', 'PPIMTE', 0, 0, 0),
(2017, '4231000', 'Bagian Program dan Anggaran', '4230000', '4200000', 'PPIMTE', 0, 0, 0),
(2017, '4231001', 'Staf Bagian Program dan Anggaran', '4231000', '4230000', 'PPIMTE', 0, 0, 0),
(2017, '4240000', 'Pusat Sistem Audit Teknologi', '4200000', '4000000', 'PSAT', 1, 0, 0),
(2017, '4240001', 'Staf Pusat Sistem Audit Teknologi', '4240000', '4200000', 'PSAT', 0, 0, 0),
(2017, '4241000', 'Bagian Program dan Anggaran', '4240000', '4200000', 'PSAT', 0, 0, 0),
(2017, '4241001', 'Staf Bagian Program dan Anggaran', '4241000', '4240000', 'PSAT', 0, 0, 0),
(2017, '4300000', 'Deputi Bidang Teknologi Pengembangan Sumber Daya Alam', '4000000', '4000000', 'TPSA', 0, 1, 0),
(2017, '4310000', 'Pusat Teknologi Pengembangan Sumber Daya Wilayah', '4300000', '4000000', 'PTPSDW', 1, 0, 0),
(2017, '4310001', 'Staf Pusat Teknologi Pengembangan Sumber Daya Wilayah', '4310000', '4300000', 'PTPSDW', 0, 0, 0),
(2017, '4311000', 'Bagian Program dan Anggaran', '4310000', '4300000', 'PTPSDW', 0, 0, 0),
(2017, '4311001', 'Staf Bagian Program dan Anggaran', '4311000', '4310000', 'PTPSDW', 0, 0, 0),
(2017, '4312000', 'Balai Teknologi Survei Kelautan', '4310000', '4300000', 'BTSK', 1, 0, 0),
(2017, '4312001', 'Staf Balai Teknologi Survei Kelautan', '4312000', '4310000', 'BTSK', 0, 0, 0),
(2017, '4312010', 'Sub Bagian Tata Usaha', '4312000', '4310000', 'BTSK', 0, 0, 0),
(2017, '4312011', 'Staf Sub Bagian Tata Usaha', '4312010', '4312000', 'BTSK', 0, 0, 0),
(2017, '4312020', 'Seksi Program dan Operasi Survei', '4312000', '4310000', 'BTSK', 0, 0, 0),
(2017, '4312021', 'Staf Seksi Program dan Operasi Survei', '4312020', '4312000', 'BTSK', 0, 0, 0),
(2017, '4312030', 'Seksi Sarana dan Prasarana', '4312000', '4310000', 'BTSK', 0, 0, 0),
(2017, '4312031', 'Staf Seksi Sarana dan Prasarana', '4312030', '4312000', 'BTSK', 0, 0, 0),
(2017, '4320000', 'Pusat Teknologi Pengembangan Sumber Daya Mineral', '4300000', '4000000', 'PTPSDM', 1, 0, 0),
(2017, '4320001', 'Staf Pusat Teknologi Pengembangan Sumber Daya Mineral', '4320000', '4300000', 'PTPSDM', 0, 0, 0),
(2017, '4321000', 'Bagian Program dan Anggaran', '4320000', '4300000', 'PTPSDM', 0, 0, 0),
(2017, '4321001', 'Staf Bagian Program dan Anggaran', '4321000', '4320000', 'PTPSDM', 0, 0, 0),
(2017, '4330000', 'Pusat Teknologi Reduksi Risiko Bencana', '4300000', '4000000', 'PTRRB', 1, 0, 0),
(2017, '4330001', 'Staf Pusat Teknologi Reduksi Risiko Bencana', '4330000', '4300000', 'PTRRB', 0, 0, 0),
(2017, '4331000', 'Bagian Program dan Anggaran', '4330000', '4300000', 'PTRRB', 0, 0, 0),
(2017, '4331001', 'Staf Bagian Program dan Anggaran', '4331000', '4330000', 'PTRRB', 0, 0, 0),
(2017, '4340000', 'Pusat Teknologi Lingkungan', '4300000', '4000000', 'PTL', 1, 0, 0),
(2017, '4340001', 'Staf Pusat Teknologi Lingkungan', '4340000', '4300000', 'PTL', 0, 0, 0),
(2017, '4341000', 'Bagian Program, Anggaran dan Pengelolaan Laboratorium', '4340000', '4300000', 'PTL', 0, 0, 0),
(2017, '4341001', 'Staf Bagian Program, Anggaran dan Pengelolaan Laboratorium', '4341000', '4340000', 'PTL', 0, 0, 0),
(2017, '4341010', 'Sub Bagian Program dan Anggaran', '4341000', '4340000', 'PTL', 0, 0, 0),
(2017, '4341011', 'Staf Sub Bagian Program dan Anggaran', '4341010', '4341000', 'PTL', 0, 0, 0),
(2017, '4341020', 'Sub Bagian Pengelolaan Laboratorium', '4341000', '4340000', 'PTL', 0, 0, 0),
(2017, '4341021', 'Staf Sub Bagian Pengelolaan Laboratorium', '4341020', '4341000', 'PTL', 0, 0, 0),
(2017, '4350000', 'Balai Besar Teknologi Modifikasi Cuaca', '4300000', '4000000', 'BBTMC', 1, 0, 0),
(2017, '4350001', 'Staf Balai Besar Teknologi Modifikasi Cuaca', '4350000', '4300000', 'BBTMC', 0, 0, 0),
(2017, '4351000', 'Bagian Umum', '4350000', '4300000', 'BBTMC', 0, 0, 0),
(2017, '4351001', 'Staf Bagian Umum', '4351000', '4350000', 'BBTMC', 0, 0, 0),
(2017, '4351010', 'Sub Bagian Perencanaan', '4351000', '4350000', 'BBTMC', 0, 0, 0),
(2017, '4351011', 'Staf Sub Bagian Perencanaan', '4351010', '4351000', 'BBTMC', 0, 0, 0),
(2017, '4351020', 'Sub Bagian Keuangan', '4351000', '4350000', 'BBTMC', 0, 0, 0),
(2017, '4351021', 'Staf Sub Bagian Keuangan', '4351020', '4351000', 'BBTMC', 0, 0, 0),
(2017, '4351030', 'Sub Bagian Tata Usaha dan Rumah Tangga', '4351000', '4350000', 'BBTMC', 0, 0, 0),
(2017, '4351031', 'Staf Sub Bagian Tata Usaha dan Rumah Tangga', '4351030', '4351000', 'BBTMC', 0, 0, 0),
(2017, '4352000', 'Bidang Penerapan Teknologi Modifikasi Cuaca', '4350000', '4300000', 'BBTMC', 0, 0, 0),
(2017, '4352001', 'Staf Bidang Penerapan Teknologi Modifikasi Cuaca', '4352000', '4350000', 'BBTMC', 0, 0, 0),
(2017, '4352010', 'Sub Bidang Hidrometeorologi', '4352000', '4350000', 'BBTMC', 0, 0, 0),
(2017, '4352011', 'Staf Sub Bidang Hidrometeorologi', '4352010', '4352000', 'BBTMC', 0, 0, 0),
(2017, '4352020', 'Sub Bidang Instrumentasi dan Bahan Semai', '4352000', '4350000', 'BBTMC', 0, 0, 0),
(2017, '4352021', 'Staf Sub Bidang Instrumentasi dan Bahan Semai', '4352020', '4352000', 'BBTMC', 0, 0, 0),
(2017, '4353000', 'Bidang Pelayanan Teknologi', '4350000', '4300000', 'BBTMC', 0, 0, 0),
(2017, '4353001', 'Staf Bidang Pelayanan Teknologi', '4353000', '4350000', 'BBTMC', 0, 0, 0),
(2017, '4353010', 'Sub Bidang Pengelolaan Peralatan', '4353000', '4350000', 'BBTMC', 0, 0, 0),
(2017, '4353011', 'Staf Sub Bidang Pengelolaan Peralatan', '4353010', '4353000', 'BBTMC', 0, 0, 0),
(2017, '4353020', 'Sub Bidang Operasi', '4353000', '4350000', 'BBTMC', 0, 0, 0),
(2017, '4353021', 'Staf Sub Bidang Operasi', '4353020', '4353000', 'BBTMC', 0, 0, 0),
(2017, '4400000', 'Deputi Bidang Teknologi Agroindustri dan Bioteknologi', '4000000', '4000000', 'TAB', 0, 1, 0),
(2017, '4410000', 'Pusat Teknologi Produksi Pertanian', '4400000', '4000000', 'PTPP', 1, 0, 0),
(2017, '4410001', 'Staf Pusat Teknologi Produksi Pertanian', '4410000', '4400000', 'PTPP', 0, 0, 0),
(2017, '4411000', 'Bagian Program dan Anggaran', '4410000', '4400000', 'PTPP', 0, 0, 0),
(2017, '4411001', 'Staf Bagian Program dan Anggaran', '4411000', '4410000', 'PTPP', 0, 0, 0),
(2017, '4420000', 'Pusat Teknologi Agroindustri', '4400000', '4000000', 'PTA', 1, 0, 0),
(2017, '4420001', 'Staf Pusat Teknologi Agroindustri', '4420000', '4400000', 'PTA', 0, 0, 0),
(2017, '4421000', 'Bagian Program dan Anggaran', '4420000', '4400000', 'PTA', 0, 0, 0),
(2017, '4421001', 'Staf Bagian Program dan Anggaran', '4421000', '4420000', 'PTA', 0, 0, 0),
(2017, '4430000', 'Pusat Teknologi Bioindustri', '4400000', '4000000', 'PTB', 1, 0, 0),
(2017, '4430001', 'Staf Pusat Teknologi Bioindustri', '4430000', '4400000', 'PTB', 0, 0, 0),
(2017, '4431000', 'Bagian Program dan Anggaran', '4430000', '4400000', 'PTB', 0, 0, 0),
(2017, '4431001', 'Staf Bagian Program dan Anggaran', '4431000', '4430000', 'PTB', 0, 0, 0),
(2017, '4440000', 'Pusat Teknologi Farmasi dan Medika', '4400000', '4000000', 'PTFM', 1, 0, 0),
(2017, '4440001', 'Staf Pusat Teknologi Farmasi dan Medika', '4440000', '4400000', 'PTFM', 0, 0, 0),
(2017, '4441000', 'Bagian Program dan Anggaran', '4440000', '4400000', 'PTFM', 0, 0, 0),
(2017, '4441001', 'Staf Bagian Program dan Anggaran', '4441000', '4440000', 'PTFM', 0, 0, 0),
(2017, '4442000', 'Balai Bioteknologi', '4440000', '4400000', 'Biotek', 1, 0, 0),
(2017, '4442001', 'Staf Balai Bioteknologi', '4442000', '4440000', 'Biotek', 0, 0, 0),
(2017, '4442010', 'Sub Bagian Tata Usaha', '4442000', '4440000', 'Biotek', 0, 0, 0),
(2017, '4442011', 'Staf Sub Bagian Tata Usaha', '4442010', '4442000', 'Biotek', 0, 0, 0),
(2017, '4442020', 'Seksi Program dan Penerapan Bioteknologi', '4442000', '4440000', 'Biotek', 0, 0, 0),
(2017, '4442021', 'Staf Seksi Program dan Penerapan Bioteknologi', '4442020', '4442000', 'Biotek', 0, 0, 0),
(2017, '4442030', 'Seksi Kerja Sama dan Pelayanan Jasa Teknologi', '4442000', '4440000', 'Biotek', 0, 0, 0),
(2017, '4442031', 'Staf Seksi Kerja Sama dan Pelayanan Jasa Teknologi', '4442030', '4442000', 'Biotek', 0, 0, 0),
(2017, '4450000', 'Balai Besar Teknologi Pati', '4400000', '4000000', 'B2TP', 1, 0, 0),
(2017, '4450001', 'Staf Balai Besar Teknologi Pati', '4450000', '4400000', 'B2TP', 0, 0, 0),
(2017, '4451000', 'Bagian Umum', '4450000', '4400000', 'B2TP', 0, 0, 0),
(2017, '4451001', 'Staf Bagian Umum', '4451000', '4450000', 'B2TP', 0, 0, 0),
(2017, '4451010', 'Sub Bagian Perencanaan dan Keuangan', '4451000', '4450000', 'B2TP', 0, 0, 0),
(2017, '4451011', 'Staf Sub Bagian Perencanaan dan Keuangan', '4451010', '4451000', 'B2TP', 0, 0, 0),
(2017, '4451020', 'Sub Bagian Kerja Sama dan Jasa', '4451000', '4450000', 'B2TP', 0, 0, 0),
(2017, '4451021', 'Staf Sub Bagian Kerja Sama dan Jasa', '4451020', '4451000', 'B2TP', 0, 0, 0),
(2017, '4451030', 'Sub Bagian Tata Usaha', '4451000', '4450000', 'B2TP', 0, 0, 0),
(2017, '4451031', 'Staf Sub Bagian Tata Usaha', '4451030', '4451000', 'B2TP', 0, 0, 0),
(2017, '4452000', 'Bidang Teknologi Pati Pangan', '4450000', '4400000', 'B2TP', 0, 0, 0),
(2017, '4452001', 'Staf Bidang Teknologi Pati Pangan', '4452000', '4450000', 'B2TP', 0, 0, 0),
(2017, '4452010', 'Sub Bidang Teknologi Produksi Sumber Daya Pati', '4452000', '4450000', 'B2TP', 0, 0, 0),
(2017, '4452011', 'Staf Sub Bidang Teknologi Produksi Sumber Daya Pati', '4452010', '4452000', 'B2TP', 0, 0, 0),
(2017, '4452020', 'Sub Bidang Teknologi Produksi Pati Pangan', '4452000', '4450000', 'B2TP', 0, 0, 0),
(2017, '4452021', 'Staf Sub Bidang Teknologi Produksi Pati Pangan', '4452020', '4452000', 'B2TP', 0, 0, 0),
(2017, '4452030', 'Sub Bidang Sarana Teknik Produksi', '4452000', '4450000', 'B2TP', 0, 0, 0),
(2017, '4452031', 'Staf Sub Bidang Sarana Teknik Produksi', '4452030', '4452000', 'B2TP', 0, 0, 0),
(2017, '4453000', 'Bidang Teknologi Pati Industri', '4450000', '4400000', 'B2TP', 0, 0, 0),
(2017, '4453001', 'Staf Bidang Teknologi Pati Industri', '4453000', '4450000', 'B2TP', 0, 0, 0),
(2017, '4453010', 'Sub Bidang Teknologi Produksi Pati Farmasi', '4453000', '4450000', 'B2TP', 0, 0, 0),
(2017, '4453011', 'Staf Sub Bidang Teknologi Produksi Pati Farmasi', '4453010', '4453000', 'B2TP', 0, 0, 0),
(2017, '4453020', 'Sub Bidang Industri Pati dan Derivatifnya', '4453000', '4450000', 'B2TP', 0, 0, 0),
(2017, '4453021', 'Staf Sub Bidang Industri Pati dan Derivatifnya', '4453020', '4453000', 'B2TP', 0, 0, 0),
(2017, '4453030', 'Sub Bidang Pengujian Pati dan Produk Pati Industri', '4453000', '4450000', 'B2TP', 0, 0, 0),
(2017, '4453031', 'Staf Sub Bidang Pengujian Pati dan Produk Pati Industri', '4453030', '4453000', 'B2TP', 0, 0, 0),
(2017, '4500000', 'Deputi Bidang Teknologi Informasi, Energi, dan Material', '4000000', '4000000', 'TIEM', 0, 1, 0),
(2017, '4510000', 'Pusat Teknologi Elektronika', '4500000', '4000000', 'PTE', 1, 0, 0),
(2017, '4510001', 'Staf Pusat Teknologi Elektronika', '4510000', '4500000', 'PTE', 0, 0, 0),
(2017, '4511000', 'Bagian Program, Anggaran dan Pengelolaan Laboratorium', '4510000', '4500000', 'PTE', 0, 0, 0),
(2017, '4511001', 'Staf Bagian Program, Anggaran dan Pengelolaan Laboratorium', '4511000', '4510000', 'PTE', 0, 0, 0),
(2017, '4511010', 'Sub Bagian Program dan Anggaran', '4511000', '4510000', 'PTE', 0, 0, 0),
(2017, '4511011', 'Staf Sub Bagian Program dan Anggaran', '4511010', '4511000', 'PTE', 0, 0, 0),
(2017, '4511020', 'Sub Bagian Pengelolaan Laboratorium', '4511000', '4510000', 'PTE', 0, 0, 0),
(2017, '4511021', 'Staf Sub Bagian Pengelolaan Laboratorium', '4511020', '4511000', 'PTE', 0, 0, 0),
(2017, '4520000', 'Pusat Teknologi Sumber Daya Energi dan Industri Kimia', '4500000', '4000000', 'PTSEIK', 1, 0, 0),
(2017, '4520001', 'Staf Pusat Teknologi Sumberdaya Energi dan Industri Kimia', '4520000', '4500000', 'PTSEIK', 0, 0, 0),
(2017, '4521000', 'Bagian Program dan Anggaran', '4520000', '4500000', 'PTSEIK', 0, 0, 0),
(2017, '4521001', 'Staf Bagian Program dan Anggaran', '4521000', '4520000', 'PTSEIK', 0, 0, 0),
(2017, '4522000', 'Balai Teknologi Bahan Bakar dan Rekayasa Disain', '4520000', '4500000', 'BTB2RD', 1, 0, 0),
(2017, '4522001', 'Staf Balai Teknologi Bahan Bakar dan Rekayasa Disain', '4522000', '4520000', 'BTB2RD', 0, 0, 0),
(2017, '4522010', 'Sub Bagian Tata Usaha', '4522000', '4520000', 'BTB2RD', 0, 0, 0),
(2017, '4522011', 'Staf Sub Bagian Tata Usaha', '4522010', '4522000', 'BTB2RD', 0, 0, 0),
(2017, '4522020', 'Seksi Disain dan Rancang Bangun', '4522000', '4520000', 'BTB2RD', 0, 0, 0),
(2017, '4522021', 'Staf Seksi Disain dan Rancang Bangun', '4522020', '4522000', 'BTB2RD', 0, 0, 0),
(2017, '4522030', 'Seksi Pengujian Bahan Bakar', '4522000', '4520000', 'BTB2RD', 0, 0, 0),
(2017, '4522031', 'Staf Seksi Pengujian Bahan Bakar', '4522030', '4522000', 'BTB2RD', 0, 0, 0),
(2017, '4530000', 'Pusat Teknologi Informasi dan Komunikasi', '4500000', '4000000', 'PTIK', 1, 0, 0),
(2017, '4530001', 'Staf Pusat Teknologi Informasi dan Komunikasi', '4530000', '4500000', 'PTIK', 0, 0, 0),
(2017, '4531000', 'Bagian Program dan Anggaran', '4530000', '4500000', 'PTIK', 0, 0, 0),
(2017, '4531001', 'Staf Bagian Program dan Anggaran', '4531000', '4530000', 'PTIK', 0, 0, 0),
(2017, '4532000', 'Balai Jaringan Informasi dan Komunikasi', '4530000', '4500000', 'BJIK', 1, 0, 0),
(2017, '4532001', 'Staf Balai Jaringan Informasi dan Komunikasi', '4532000', '4530000', 'BJIK', 0, 0, 0),
(2017, '4532010', 'Sub Bagian Tata Usaha', '4532000', '4530000', 'BJIK', 0, 0, 0),
(2017, '4532011', 'Staf Sub Bagian Tata Usaha', '4532010', '4532000', 'BJIK', 0, 0, 0),
(2017, '4532020', 'Seksi Program dan Penerapan Teknologi', '4532000', '4530000', 'BJIK', 0, 0, 0),
(2017, '4532021', 'Staf Seksi Program dan Penerapan Teknologi', '4532020', '4532000', 'BJIK', 0, 0, 0),
(2017, '4532030', 'Seksi Kerja Sama dan Pelayanan Jasa Teknologi', '4532000', '4530000', 'BJIK', 0, 0, 0),
(2017, '4532031', 'Staf Seksi Kerja Sama dan Pelayanan Jasa Teknologi', '4532030', '4532000', 'BJIK', 0, 0, 0),
(2017, '4540000', 'Pusat Teknologi Material', '4500000', '4000000', 'PTM', 1, 0, 0),
(2017, '4540001', 'Staf Pusat Teknologi Material', '4540000', '4500000', 'PTM', 0, 0, 0),
(2017, '4541000', 'Bagian Program dan Anggaran', '4540000', '4500000', 'PTM', 0, 0, 0),
(2017, '4541001', 'Staf Bagian Program dan Anggaran', '4541000', '4540000', 'PTM', 0, 0, 0),
(2017, '4542000', 'Balai Teknologi Polimer', '4540000', '4500000', 'BTP', 1, 0, 0),
(2017, '4542001', 'Staf Balai Teknologi Polimer', '4542000', '4540000', 'BTP', 0, 0, 0),
(2017, '4542010', 'Sub Bagian Tata Usaha', '4542000', '4540000', 'BTP', 0, 0, 0),
(2017, '4542011', 'Staf Sub Bagian Tata Usaha', '4542010', '4542000', 'BTP', 0, 0, 0),
(2017, '4542020', 'Seksi Program dan Penerapan Teknologi', '4542000', '4540000', 'BTP', 0, 0, 0),
(2017, '4542021', 'Staf Seksi Program dan Penerapan Teknologi', '4542020', '4542000', 'BTP', 0, 0, 0),
(2017, '4542030', 'Seksi Kerja Sama dan Pelayanan Jasa Teknologi', '4542000', '4540000', 'BTP', 0, 0, 0),
(2017, '4542031', 'Staf Seksi Kerja Sama dan Pelayanan Jasa Teknologi', '4542030', '4542000', 'BTP', 0, 0, 0),
(2017, '4550000', 'Balai Besar Teknologi Konversi Energi', '4500000', '4000000', 'B2TKE', 1, 0, 0),
(2017, '4550001', 'Staf Balai Besar Teknologi Konversi Energi', '4550000', '4500000', 'B2TKE', 0, 0, 0),
(2017, '4551000', 'Bagian Umum', '4550000', '4500000', 'B2TKE', 0, 0, 0),
(2017, '4551001', 'Staf Bagian Umum', '4551000', '4550000', 'B2TKE', 0, 0, 0),
(2017, '4551010', 'Sub Bagian Tata Usaha, Sumber Daya Manusia, dan Rumah Tangga', '4551000', '4550000', 'B2TKE', 0, 0, 0),
(2017, '4551011', 'Staf Sub Bagian Tata Usaha, Sumber Daya Manusia, dan Rumah Tangga', '4551010', '4551000', 'B2TKE', 0, 0, 0),
(2017, '4551020', 'Sub Bagian Program dan Keuangan', '4551000', '4550000', 'B2TKE', 0, 0, 0),
(2017, '4551021', 'Staf Sub Bagian Program dan Keuangan', '4551020', '4551000', 'B2TKE', 0, 0, 0),
(2017, '4552000', 'Bidang Layanan Jasa Teknologi', '4550000', '4500000', 'B2TKE', 0, 0, 0),
(2017, '4552001', 'Staf Bidang Layanan Jasa Teknologi', '4552000', '4550000', 'B2TKE', 0, 0, 0),
(2017, '4552010', 'Sub Bidang Layanan Jasa', '4552000', '4550000', 'B2TKE', 0, 0, 0),
(2017, '4552011', 'Staf Sub Bidang Layanan Jasa', '4552010', '4552000', 'B2TKE', 0, 0, 0),
(2017, '4552020', 'Sub Bidang Pengelolaan Techno Park Energi', '4552000', '4550000', 'B2TKE', 0, 0, 0),
(2017, '4552021', 'Staf Sub Bidang Pengelolaan Techno Park Energi', '4552020', '4552000', 'B2TKE', 0, 0, 0),
(2017, '4553000', 'Bidang Teknologi Kelistrikan', '4550000', '4500000', 'B2TKE', 0, 0, 0),
(2017, '4553001', 'Staf Bidang Teknologi Kelistrikan', '4553000', '4550000', 'B2TKE', 0, 0, 0),
(2017, '4554000', 'Bidang Konversi Energi ', '4550000', '4500000', 'B2TKE', 0, 0, 0),
(2017, '4554001', 'Staf Bidang Konversi Energi ', '4554000', '4550000', 'B2TKE', 0, 0, 0),
(2017, '4600000', 'Deputi Bidang Teknologi Industri Rancang Bangun dan Rekayasa', '4000000', '4000000', 'TIRBR', 0, 1, 0),
(2017, '4610000', 'Pusat Teknologi Industri Pertahanan dan Keamanan', '4600000', '4000000', 'PTIPK', 1, 0, 0),
(2017, '4610001', 'Staf Pusat Teknologi Industri Pertahanan dan Keamanan', '4610000', '4600000', 'PTIPK', 0, 0, 0),
(2017, '4611000', 'Bagian Program dan Anggaran', '4610000', '4600000', 'PTIPK', 0, 0, 0),
(2017, '4611001', 'Staf Bagian Program dan Anggaran', '4611000', '4610000', 'PTIPK', 0, 0, 0),
(2017, '4620000', 'Pusat Teknologi Industri Permesinan', '4600000', '4000000', 'PTIP', 1, 0, 0),
(2017, '4620001', 'Staf Pusat Teknologi Industri Permesinan', '4620000', '4600000', 'PTIP', 0, 0, 0),
(2017, '4621000', 'Bagian Program dan Anggaran', '4620000', '4600000', 'PTIP', 0, 0, 0),
(2017, '4621001', 'Staf Bagian Program dan Anggaran', '4621000', '4620000', 'PTIP', 0, 0, 0),
(2017, '4622000', 'Balai Teknologi Mesin Perkakas, Produksi, dan Otomasi', '4620000', '4600000', 'BTMEPPO', 1, 0, 0),
(2017, '4622001', 'Staf Balai Teknologi Mesin Perkakas, Produksi, dan Otomasi', '4622000', '4620000', 'BTMEPPO', 0, 0, 0),
(2017, '4622010', 'Sub Bagian Tata Usaha', '4622000', '4620000', 'BTMEPPO', 0, 0, 0),
(2017, '4622011', 'Staf Sub Bagian Tata Usaha', '4622010', '4622000', 'BTMEPPO', 0, 0, 0),
(2017, '4622020', 'Seksi Program dan Penerapan Teknologi', '4622000', '4620000', 'BTMEPPO', 0, 0, 0),
(2017, '4622021', 'Staf Seksi Program dan Penerapan Teknologi', '4622020', '4622000', 'BTMEPPO', 0, 0, 0),
(2017, '4622030', 'Seksi Kerja Sama dan Pelayanan Jasa Teknologi', '4622000', '4620000', 'BTMEPPO', 0, 0, 0),
(2017, '4622031', 'Staf Seksi Kerja Sama dan Pelayanan Jasa Teknologi', '4622030', '4622000', 'BTMEPPO', 0, 0, 0),
(2017, '4630000', 'Pusat Teknologi Sistem dan Prasarana Transportasi', '4600000', '4000000', 'PTSPT', 1, 0, 0),
(2017, '4630001', 'Staf Pusat Teknologi Sistem dan Prasarana Transportasi', '4630000', '4600000', 'PTSPT', 0, 0, 0),
(2017, '4631000', 'Bagian Program dan Anggaran', '4630000', '4600000', 'PTSPT', 0, 0, 0),
(2017, '4631001', 'Staf Bagian Program dan Anggaran', '4631000', '4630000', 'PTSPT', 0, 0, 0),
(2017, '4632000', 'Balai Teknologi Termodinamika Motor dan Propulsi', '4630000', '4600000', 'BT2MP', 1, 0, 0),
(2017, '4632001', 'Staf Balai Teknologi Termodinamika Motor dan Propulsi', '4632000', '4630000', 'BT2MP', 0, 0, 0),
(2017, '4632010', 'Sub Bagian Tata Usaha', '4632000', '4630000', 'BT2MP', 0, 0, 0),
(2017, '4632011', 'Staf Sub Bagian Tata Usaha', '4632010', '4632000', 'BT2MP', 0, 0, 0),
(2017, '4632020', 'Seksi Sarana Teknik', '4632000', '4630000', 'BT2MP', 0, 0, 0),
(2017, '4632021', 'Staf Seksi Sarana Teknik', '4632020', '4632000', 'BT2MP', 0, 0, 0),
(2017, '4632030', 'Seksi Kerja Sama dan Pelayanan Jasa Teknologi', '4632000', '4630000', 'BT2MP', 0, 0, 0),
(2017, '4632031', 'Staf Seksi Kerja Sama dan Pelayanan Jasa Teknologi', '4632030', '4632000', 'BT2MP', 0, 0, 0),
(2017, '4640000', 'Pusat Teknologi Rekayasa Industri Maritim', '4600000', '4000000', 'PTRIM', 1, 0, 0),
(2017, '4640001', 'Staf Pusat Teknologi Rekayasa Industri Maritim', '4640000', '4600000', 'PTRIM', 0, 0, 0),
(2017, '4641000', 'Bagian Program dan Anggaran', '4640000', '4600000', 'PTRIM', 0, 0, 0),
(2017, '4641001', 'Staf Bagian Program dan Anggaran', '4641000', '4640000', 'PTRIM', 0, 0, 0),
(2017, '4642000', 'Balai Teknologi Hidrodinamika', '4640000', '4600000', 'BTH', 1, 0, 0),
(2017, '4642001', 'Staf Balai Teknologi Hidrodinamika', '4642000', '4640000', 'BTH', 0, 0, 0),
(2017, '4642010', 'Sub Bagian Tata Usaha', '4642000', '4640000', 'BTH', 0, 0, 0),
(2017, '4642011', 'Staf Sub Bagian Tata Usaha', '4642010', '4642000', 'BTH', 0, 0, 0),
(2017, '4642020', 'Seksi Program dan Penerapan Teknologi', '4642000', '4640000', 'BTH', 0, 0, 0),
(2017, '4642021', 'Staf Seksi Program dan Penerapan Teknologi', '4642020', '4642000', 'BTH', 0, 0, 0),
(2017, '4642030', 'Seksi Sarana Teknik dan Pelayanan Jasa Teknologi', '4642000', '4640000', 'BTH', 0, 0, 0),
(2017, '4642031', 'Staf Seksi Sarana Teknik dan Pelayanan Jasa Teknologi', '4642030', '4642000', 'BTH', 0, 0, 0),
(2017, '4643000', 'Balai Teknologi Infrastruktur Pelabuhan dan Dinamika Pantai', '4640000', '4600000', 'BTIPDP', 1, 0, 0),
(2017, '4643001', 'Staf Balai Teknologi Infrastruktur Pelabuhan dan Dinamika Pantai', '4643000', '4640000', 'BTIPDP', 0, 0, 0),
(2017, '4643010', 'Sub Bagian Tata Usaha', '4643000', '4640000', 'BTIPDP', 0, 0, 0),
(2017, '4643011', 'Staf Sub Bagian Tata Usaha', '4643010', '4643000', 'BTIPDP', 0, 0, 0),
(2017, '4643020', 'Seksi Sarana dan Prasarana', '4643000', '4640000', 'BTIPDP', 0, 0, 0),
(2017, '4643021', 'Staf Seksi Sarana dan Prasarana', '4643020', '4643000', 'BTIPDP', 0, 0, 0),
(2017, '4643030', 'Seksi Program dan Jasa Teknologi', '4643000', '4640000', 'BTIPDP', 0, 0, 0),
(2017, '4643031', 'Staf Seksi Program dan Jasa Teknologi', '4643030', '4643000', 'BTIPDP', 0, 0, 0),
(2017, '4650000', 'Balai Besar Teknologi Aerodinamika, Aeroelastika dan Aeroakustika', '4600000', '4000000', 'BBTA3', 1, 0, 0),
(2017, '4650001', 'Staf Balai Besar Teknologi Aerodinamika, Aeroelastika dan Aeroakustika', '4650000', '4600000', 'BBTA3', 0, 0, 0),
(2017, '4651000', 'Bagian Umum', '4650000', '4600000', 'BBTA3', 0, 0, 0),
(2017, '4651001', 'Staf Bagian Umum', '4651000', '4650000', 'BBTA3', 0, 0, 0),
(2017, '4651010', 'Sub Bagian Tata Usaha dan SDM', '4651000', '4650000', 'BBTA3', 0, 0, 0),
(2017, '4651011', 'Staf Sub Bagian Tata Usaha dan SDM', '4651010', '4651000', 'BBTA3', 0, 0, 0),
(2017, '4651020', 'Sub Bagian Perencanaan dan Keuangan', '4651000', '4650000', 'BBTA3', 0, 0, 0),
(2017, '4651021', 'Staf Sub Bagian Perencanaan dan Keuangan', '4651020', '4651000', 'BBTA3', 0, 0, 0),
(2017, '4651030', 'Sub Bagian Rumah Tangga', '4651000', '4650000', 'BBTA3', 0, 0, 0),
(2017, '4651031', 'Staf Sub Bagian Rumah Tangga', '4651030', '4651000', 'BBTA3', 0, 0, 0),
(2017, '4652000', 'Bidang Teknik dan Rekayasa', '4650000', '4600000', 'BBTA3', 0, 0, 0),
(2017, '4652001', 'Staf Bidang Teknik dan Rekayasa', '4652000', '4650000', 'BBTA3', 0, 0, 0),
(2017, '4652010', 'Sub Bidang Model', '4652000', '4650000', 'BBTA3', 0, 0, 0),
(2017, '4652011', 'Staf Sub Bidang Model', '4652010', '4652000', 'BBTA3', 0, 0, 0),
(2017, '4652020', 'Sub Bidang Operasi dan Perawatan', '4652000', '4650000', 'BBTA3', 0, 0, 0),
(2017, '4652021', 'Staf Sub Bidang Operasi dan Perawatan', '4652020', '4652000', 'BBTA3', 0, 0, 0),
(2017, '4652030', 'Sub Bidang Informatika dan Elektronika', '4652000', '4650000', 'BBTA3', 0, 0, 0),
(2017, '4652031', 'Staf Sub Bidang Informatika dan Elektronika', '4652030', '4652000', 'BBTA3', 0, 0, 0),
(2017, '4653000', 'Bidang Layanan Teknologi Aerodinamika, Aeroelastika dan Aeroakustika', '4650000', '4600000', 'BBTA3', 0, 0, 0),
(2017, '4653001', 'Staf Bidang Layanan Teknologi Aerodinamika, Aeroelastika dan Aeroakustika', '4653000', '4650000', 'BBTA3', 0, 0, 0),
(2017, '4660000', 'Balai Besar Teknologi Kekuatan Struktur', '4600000', '4000000', 'B2TKS', 1, 0, 0),
(2017, '4660001', 'Staf Balai Besar Teknologi Kekuatan Struktur', '4660000', '4600000', 'B2TKS', 0, 0, 0),
(2017, '4661000', 'Bagian Umum', '4660000', '4600000', 'B2TKS', 0, 0, 0),
(2017, '4661001', 'Staf Bagian Umum', '4661000', '4660000', 'B2TKS', 0, 0, 0),
(2017, '4661010', 'Sub Bagian Tata Usaha dan Sumber Daya Manusia', '4661000', '4660000', 'B2TKS', 0, 0, 0),
(2017, '4661011', 'Staf Sub Bagian Tata Usaha dan Sumber Daya Manusia', '4661010', '4661000', 'B2TKS', 0, 0, 0),
(2017, '4661020', 'Sub Bagian Keuangan', '4661000', '4660000', 'B2TKS', 0, 0, 0),
(2017, '4661021', 'Staf Sub Bagian Keuangan', '4661020', '4661000', 'B2TKS', 0, 0, 0),
(2017, '4661030', 'Sub Bagian Rumah Tangga', '4661000', '4660000', 'B2TKS', 0, 0, 0),
(2017, '4661031', 'Staf Sub Bagian Rumah Tangga', '4661030', '4661000', 'B2TKS', 0, 0, 0),
(2017, '4662000', 'Bidang Layanan Jasa Teknologi Kajian Struktur', '4660000', '4600000', 'B2TKS', 0, 0, 0),
(2017, '4662001', 'Staf Bidang Layanan Jasa Teknologi Kajian Struktur', '4662000', '4660000', 'B2TKS', 0, 0, 0),
(2017, '4662010', 'Sub Bidang Struktur Alat Transportasi', '4662000', '4660000', 'B2TKS', 0, 0, 0),
(2017, '4662011', 'Staf Sub Bidang Struktur Alat Transportasi', '4662010', '4662000', 'B2TKS', 0, 0, 0),
(2017, '4662020', 'Sub Bidang Stuktur Bangunan dan Peralatan Industri', '4662000', '4660000', 'B2TKS', 0, 0, 0),
(2017, '4662021', 'Staf Sub Bidang Stuktur Bangunan dan Peralatan Industri', '4662020', '4662000', 'B2TKS', 0, 0, 0),
(2017, '4663000', 'Bidang Sarana Uji', '4660000', '4600000', 'B2TKS', 0, 0, 0),
(2017, '4663001', 'Staf Bidang Sarana Uji', '4663000', '4660000', 'B2TKS', 0, 0, 0),
(2017, '4663010', 'Sub Bidang Perancangan, Manufaktur dan Pengembangan Sistem', '4663000', '4660000', 'B2TKS', 0, 0, 0),
(2017, '4663011', 'Staf Sub Bidang Perancangan, Manufaktur dan Pengembangan Sistem', '4663010', '4663000', 'B2TKS', 0, 0, 0),
(2017, '4663020', 'Sub Bidang Pemeliharaan', '4663000', '4660000', 'B2TKS', 0, 0, 0),
(2017, '4663021', 'Staf Sub Bidang Pemeliharaan', '4663020', '4663000', 'B2TKS', 0, 0, 0),
(2017, '4664000', 'Bidang Layanan Jasa Teknologi Kajian Material', '4660000', '4600000', 'B2TKS', 0, 0, 0),
(2017, '4664001', 'Staf Bidang Layanan Jasa Teknologi Kajian Material', '4664000', '4660000', 'B2TKS', 0, 0, 0),
(2017, '4664010', 'Sub Bidang Karakteristik Material dan Inspeksi Teknis', '4664000', '4660000', 'B2TKS', 0, 0, 0);
INSERT INTO `unitjabatan` (`kategori`, `kode_unit`, `unit`, `kode_unitatas1`, `kode_unitatas2`, `singkatan`, `is_unit`, `is_deputi`, `is_kabppt`) VALUES
(2017, '4664011', 'Staf Sub Bidang Karakteristik Material dan Inspeksi Teknis', '4664010', '4664000', 'B2TKS', 0, 0, 0),
(2017, '4664020', 'Sub Bidang Analisis Kerusakan dan Umur Sisa', '4664000', '4660000', 'B2TKS', 0, 0, 0),
(2017, '4664021', 'Staf Sub Bidang Analisis Kerusakan dan Umur Sisa', '4664020', '4664000', 'B2TKS', 0, 0, 0);

-- --------------------------------------------------------

--
-- Table structure for table `unitkerja`
--

CREATE TABLE `unitkerja` (
  `kode_unit` int(10) NOT NULL DEFAULT '0',
  `nama_unit` text,
  `id_jabatan` int(11) DEFAULT NULL,
  `singkatan_unit` varchar(25) DEFAULT NULL,
  `akun_kepala` varchar(50) DEFAULT NULL
) ENGINE=InnoDB DEFAULT CHARSET=latin1;

--
-- Dumping data for table `unitkerja`
--

INSERT INTO `unitkerja` (`kode_unit`, `nama_unit`, `id_jabatan`, `singkatan_unit`, `akun_kepala`) VALUES
(3000000, 'Kepala BPPT', 10, 'KABPPT', 'ka-bppt'),
(3010001, 'Inspektorat', 34, 'INSP', 'inspektur'),
(3100000, 'Sekretariat Utama', 21, 'SETAMA', 'sestama'),
(3120001, 'Biro Sumber Daya Manusia dan Organisasi', 31, 'SDMO', 'karo-sdmo'),
(3030011, 'Pusat Pembinaan, Pendidikan dan Pelatihan', 33, 'PUSBINDIKLAT', 'ka-pusbindiklat'),
(3200000, 'Deputi Bidang Pengkajian Kebijakan Teknologi', 20, 'PKT', 'deputi-pkt'),
(3232011, 'Balai Inkubator Teknologi', 42, 'BIT', 'ka-bit'),
(3300000, 'Deputi Bidang Teknologi Pengembangan Sumberdaya Alam', 20, 'TPSA', 'deputi-tpsa'),
(3340001, 'Pusat Teknologi Lingkungan', 30, 'PTL', 'direktur-ptl'),
(3312011, 'Balai Teknologi Survei Kelautan', 42, 'TEKSURLA', 'ka-teksurla'),
(3400000, 'Deputi Bidang Teknologi Agroindustri dan Bioteknologi', 20, 'TAB', 'deputi-tab'),
(3410001, 'Pusat Teknologi Produksi Pertanian', 30, 'PTPP', 'direktur-ptpp'),
(3420001, 'Pusat Teknologi Agroindustri', 30, 'PTA', 'direktur-pta'),
(3430001, 'Pusat Teknologi Bioindustri', 30, 'PTB', 'direktur-ptb'),
(3440001, 'Pusat Teknologi Farmasi dan Medika', 30, 'PTFM', 'direktur-ptfm'),
(3450001, 'Balai Besar Teknologi Pati', 35, 'B2TP', 'ka-b2tp'),
(3500000, 'Deputi Bidang Teknologi Informasi, Energi, dan Material', 20, 'TIEM', 'deputi-tiem'),
(3530001, 'Pusat Teknologi Informasi dan Komunikasi', 30, 'PTIK', 'direktur-ptik'),
(3540001, 'Pusat Teknologi Material', 30, 'PTM', 'direktur-ptm'),
(3600000, 'Deputi Bidang Teknologi Industri Rancang Bangun dan Rekayasa', 20, 'TIRBR', 'deputi-tirbr'),
(3620001, 'Pusat Teknologi Industri Proses', 30, 'PTIP', 'direktur-ptip'),
(3610001, 'Pusat Teknologi Industri Pertahanan dan Keamanan', 30, 'PTIPK', 'direktur-ptipk'),
(3660000, 'Balai Besar Teknologi Kekuatan Struktur', 35, 'B2TKS', 'ka-b2tks'),
(3650000, 'Balai Besar Teknologi Aerodinamika, Aeroelastika dan Aeroakustika', 35, 'BBTA3', 'ka-bbta3'),
(3550000, 'Balai Besar Teknologi Konversi Energi', 35, 'B2TKE', 'ka-b2tke'),
(3350001, 'Balai Besar Teknologi Modifikasi Cuaca', 35, 'BB-TMC', 'ka-bbtmc'),
(3442031, 'Balai Bioteknologi', 35, 'BBIOTEK', 'ka-bbiotek'),
(3532000, 'Balai Jaringan Informasi dan Komunikasi', 42, 'BJIK', 'ka-bjik'),
(3632011, 'Balai Teknologi Termodinamika Motor dan Propulsi', 42, 'BT2MP', 'ka-bt2mp'),
(3522021, 'Balai Teknologi Bahan Bakar dan Rekayasa Disain', 42, 'BTB2RD', 'ka-btb2rd'),
(3642011, 'Balai Teknologi Hidrodinamika', 42, 'BTH', 'ka-bth'),
(3233021, 'Balai Teknologi Industri Kreatif Keramik', 42, 'BTIKK', 'ka-btikk'),
(3643000, 'Balai Teknologi Infrastruktur Pelabuhan dan Dinamika Pantai', 42, 'BTIPDP', 'ka-btipdp'),
(3622000, 'Balai Teknologi Mesin Perkakas, Produksi, dan Otomasi', 42, 'BTMEPPO', 'ka-btmeppo'),
(3542000, 'Balai Teknologi Polimer', 42, 'BTP', 'ka-btp'),
(3342001, 'Balai Teknologi Pengolahan Air dan Limbah', 42, 'BTPAL', 'ka-btpal'),
(3130000, 'Biro Hukum, Kerja Sama dan Hubungan Masyarakat', 31, 'HKH', 'karo-hkh'),
(3040011, 'Pusat Manajemen Informasi', 33, 'PMI', 'ka-pmi'),
(3240001, 'Pusat Strategi Teknologi dan Audit Teknologi', 30, 'PSTAT', 'direktur-pstat'),
(3510001, 'Pusat Teknologi Elektronika', 30, 'PTE', 'direktur-pte'),
(3210001, 'Pusat Teknologi Inovasi Daerah', 30, 'PTID', 'direktur-ptid'),
(3230001, 'Pusat Teknoprener dan Klaster Industri', 30, 'PTKI', 'direktur-ptki'),
(3220001, 'Pusat Teknologi Kawasan Spesifik', 30, 'PTKS', 'direktur-ptks'),
(3310001, 'Pusat Teknologi Pengembangan Sumberdaya Wilayah', 30, 'PTPSW', 'direktur-ptpsw'),
(3320001, 'Pusat Teknologi Pengembangan Sumberdaya Mineral', 30, 'PTPSM', 'direktur-ptpsm'),
(3640001, 'Pusat Teknologi Rekayasa Industri Maritim', 30, 'PTRIM', 'direktur-ptrim'),
(3520001, 'Pusat Teknologi Sumberdaya Energi dan Industri Kimia', 30, 'PTSEIK', 'direktur-ptseik'),
(3630001, 'Pusat Teknologi Sistem dan Prasarana Transportasi', 30, 'PTSPT', 'direktur-ptspt'),
(3020000, 'Pusat Pelayanan Teknologi', 33, 'PUSYANTEK', 'ka-pusyantek'),
(3110001, 'Biro Perencanaan dan Keuangan', 31, 'RENKEU', 'karo-renkeu'),
(3140001, 'Biro Umum', 31, 'UMUM', 'karo-umum'),
(3330000, 'Pusat Teknologi Reduksi Risiko Bencana', 30, 'PTRRB', 'direktur-ptrrb');

--
-- Indexes for dumped tables
--

--
-- Indexes for table `jabatan`
--
ALTER TABLE `jabatan`
  ADD PRIMARY KEY (`kode_jabatan`);

--
-- Indexes for table `pegawai`
--
ALTER TABLE `pegawai`
  ADD PRIMARY KEY (`id`);

--
-- Indexes for table `unitjabatan`
--
ALTER TABLE `unitjabatan`
  ADD PRIMARY KEY (`kode_unit`) USING BTREE;

/*!40101 SET CHARACTER_SET_CLIENT=@OLD_CHARACTER_SET_CLIENT */;
/*!40101 SET CHARACTER_SET_RESULTS=@OLD_CHARACTER_SET_RESULTS */;
/*!40101 SET COLLATION_CONNECTION=@OLD_COLLATION_CONNECTION */;
